gradedate,firm,tograde,fromgrade,action,pricetargetaction,currentpricetarget,priorpricetarget
2012-04-18 10:30:00,JP Morgan,Neutral,,main,Raises,26.0,25.0
2012-04-18 11:37:00,Wedbush,Neutral,,main,Raises,28.0,26.0
2012-05-31 10:56:00,Morgan Stanley,Underweight,,init,Announces,26.0,0.0
2012-06-27 10:31:00,Citigroup,Buy,,main,Lowers,34.0,35.0
2012-07-18 10:19:00,Jefferies,Hold,,main,Lowers,29.0,30.0
2012-08-27 10:25:00,Citigroup,Buy,,main,Lowers,32.0,34.0
2012-08-27 10:27:00,Sterne Agee,Neutral,,main,Lowers,24.0,25.0
2012-09-04 10:42:00,Credit Suisse,Outperform,,main,Lowers,32.0,35.0
2012-09-05 12:04:00,Miller Tabak,Neutral,,main,Lowers,26.0,27.0
2012-09-06 14:43:00,UBS,Buy,,main,Lowers,33.0,34.0
2012-09-07 14:23:00,Piper Sandler,Neutral,,main,Lowers,22.0,23.0
2012-09-07 15:03:00,FBR Capital,Market Perform,,main,Lowers,26.0,30.0
2012-09-07 15:39:00,Canaccord Genuity,Hold,,main,Lowers,24.0,26.0
2012-09-07 16:19:00,Wedbush,Neutral,,main,Lowers,26.0,28.0
2012-09-07 16:49:00,Deutsche Bank,Buy,,main,Lowers,30.0,33.0
2012-09-07 21:30:00,ISI Group,Buy,,main,Lowers,29.0,0.0
2012-09-10 10:56:00,JP Morgan,Neutral,,main,Lowers,22.0,25.0
2012-09-10 11:13:00,Morgan Stanley,Underweight,,main,Lowers,24.0,26.0
2012-09-13 09:56:00,Citigroup,Neutral,Buy,down,Lowers,25.75,32.0
2012-09-13 10:37:00,Sterne Agee,Neutral,,main,Lowers,22.0,24.0
2012-09-26 12:21:00,Caris & Co.,Average,Buy,down,,0.0,0.0
2012-10-08 11:52:00,ISI Group,Buy,,main,Lowers,27.0,29.0
2012-10-10 11:03:00,Deutsche Bank,Buy,,main,Lowers,28.0,30.0
2012-10-10 16:50:00,Barclays,Equal-Weight,,main,Lowers,22.0,24.0
2012-10-12 12:27:00,Wedbush,Neutral,,main,Lowers,23.0,26.0
2012-10-17 10:27:00,Jefferies,Hold,,main,Lowers,24.0,29.0
2012-10-17 11:48:00,Stifel,Buy,,main,Lowers,28.0,33.0
2012-10-17 12:04:00,FBR Capital,Market Perform,,main,Lowers,23.0,24.0
2012-10-17 15:50:00,UBS,Buy,,main,Lowers,29.0,30.5
2012-11-16 16:48:00,Standpoint Research,Buy,Hold,up,,0.0,0.0
2012-12-10 16:13:48,Miller Tabak,Neutral,,main,Raises,25.0,23.0
2013-01-03 17:23:38,Barclays,Equal-Weight,,main,Lowers,20.0,22.0
2013-01-07 14:54:50,Lazard,Buy,Neutral,up,Announces,26.0,0.0
2013-01-07 15:10:12,Drexel Hamilton,Sell,Hold,down,,0.0,0.0
2013-01-18 11:42:27,Credit Suisse,Outperform,,main,Raises,32.0,28.0
2013-01-18 12:53:34,Deutsche Bank,Buy,,main,Lowers,26.0,28.0
2013-01-18 14:28:23,Morgan Stanley,Underweight,,main,Lowers,20.0,22.5
2013-02-26 13:46:57,Drexel Hamilton,Hold,Sell,up,Raises,22.0,18.0
2013-04-01 11:52:06,JMP Securities,Market Perform,Market Outperform,down,Removes,0.0,26.0
2013-04-04 11:56:16,Nomura,Reduce,,main,Lowers,18.0,19.0
2013-04-11 17:01:27,Argus Research,Hold,Buy,down,,0.0,0.0
2013-04-17 12:26:29,Drexel Hamilton,Buy,Hold,up,,0.0,0.0
2013-05-01 13:53:21,Standpoint Research,Hold,Buy,down,,0.0,0.0
2013-05-06 12:25:02,RBC Capital,Outperform,Sector Perform,up,Raises,29.0,24.0
2013-05-06 14:19:50,Topeka Capital,Buy,,init,Announces,28.0,0.0
2013-06-03 11:45:32,FBR Capital,Outperform,Market Perform,up,Raises,28.0,23.0
2013-06-07 10:25:04,Piper Sandler,Underweight,Neutral,down,Lowers,20.0,21.0
2013-06-10 11:39:56,Jefferies,Hold,,main,Raises,27.0,24.0
2013-07-08 11:51:16,Evercore ISI Group,Underweight,Equal-Weight,down,Lowers,20.0,22.0
2013-08-15 11:51:24,Baird,Neutral,Outperform,down,,0.0,0.0
2013-08-19 11:42:42,Piper Sandler,Neutral,Underweight,up,Raises,22.0,20.0
2013-08-30 12:06:45,Argus Research,Buy,Hold,up,,0.0,0.0
2013-09-13 10:36:04,Jefferies,Buy,Hold,up,Raises,30.0,27.0
2013-09-17 14:38:34,Credit Suisse,Outperform,,main,Raises,30.0,28.0
2013-10-11 11:24:45,Macquarie,Neutral,Outperform,down,Lowers,22.0,25.0
2013-10-16 10:54:30,B. Riley Securities,Buy,Neutral,up,Raises,0.0,0.0
2013-10-16 11:31:24,FBR Capital,Outperform,,main,Lowers,27.0,28.0
2013-10-22 15:15:23,Drexel Hamilton,Hold,,init,,26.0,0.0
2013-11-12 12:47:09,MKM Partners,Neutral,Buy,down,,0.0,0.0
2013-11-18 12:30:00,Mizuho,Buy,,init,Announces,30.0,0.0
2013-11-22 12:17:44,Nomura,Reduce,,main,Raises,20.0,18.0
2013-11-22 15:23:35,Citigroup,Neutral,,main,Raises,28.0,24.0
2013-11-22 15:47:43,Deutsche Bank,Buy,,main,Raises,28.0,26.0
2013-11-27 12:27:11,RBC Capital,Sector Perform,Outperform,down,Lowers,26.0,27.0
2013-12-06 21:00:00,Drexel Hamilton,Buy,Hold,up,Raises,30.0,26.0
2013-12-12 21:00:00,Nomura,Neutral,Reduce,up,Raises,24.0,20.0
2014-01-14 12:46:14,Nomura,Neutral,,main,Raises,27.0,24.0
2014-01-14 21:00:00,JP Morgan,Overweight,Neutral,up,Raises,29.0,20.0
2014-01-15 21:00:00,BMO Capital,Outperform,Market Perform,up,Raises,31.0,21.0
2014-01-22 21:00:00,Drexel Hamilton,Hold,Buy,down,Lowers,26.0,30.0
2014-03-11 12:00:00,Ascendiant Capital,Sell,,init,Announces,20.0,0.0
2014-04-07 11:25:56,Pacific Crest,Outperform,Sector Perform,up,Announces,31.0,0.0
2014-04-10 21:55:41,ISI Group,Neutral,,init,Announces,26.0,0.0
2014-04-11 11:34:44,Stifel,Buy,,main,Raises,30.0,28.0
2014-04-16 11:49:39,Morgan Stanley,Underweight,,main,Raises,24.0,22.0
2014-04-16 12:00:00,Goldman Sachs,Sell,,main,Raises,17.0,16.0
2014-04-17 01:30:35,Citigroup,Buy,,main,Raises,30.0,29.0
2014-06-13 10:29:53,Roth Capital,Buy,Neutral,up,Raises,35.0,28.0
2014-06-13 10:29:54,Drexel Hamilton,Buy,Hold,up,,0.0,0.0
2014-06-13 13:23:50,Morgan Stanley,Equal-Weight,Underweight,up,Raises,28.0,24.0
2014-06-14 00:03:51,Barclays,Equal-Weight,,main,Raises,26.0,24.0
2014-06-14 00:03:54,JP Morgan,Overweight,,main,Raises,31.0,30.0
2014-06-14 00:03:56,Nomura,Neutral,,main,Raises,27.0,25.0
2014-06-26 19:25:24,Bernstein,Market Perform,Underperform,up,,0.0,0.0
2014-07-14 20:35:02,Imperial Capital,Outperform,,init,Announces,37.0,0.0
2014-07-15 23:40:07,Barclays,Equal-Weight,,main,Raises,28.0,26.0
2014-07-16 14:30:00,UBS,Buy,Neutral,up,Raises,37.5,30.0
2014-07-17 00:20:16,Barclays,Equal-Weight,,main,Raises,30.0,28.0
2014-07-17 00:20:17,Canaccord Genuity,Hold,,main,Raises,33.0,31.0
2014-07-17 00:20:18,Credit Suisse,Outperform,,main,Raises,40.0,35.0
2014-07-17 00:56:39,Jefferies,Buy,,main,Raises,45.0,40.0
2014-07-17 02:14:45,Stifel,Buy,,main,Raises,36.0,31.0
2014-08-08 20:00:00,JP Morgan,Overweight,,main,Raises,37.0,31.0
2014-10-08 12:30:00,Northland Capital Markets,Market Perform,,init,Announces,35.0,0.0
2014-10-10 12:30:00,Summit Insights Group,Hold,,main,Raises,31.0,27.5
2014-10-15 12:30:00,Barclays,Equal-Weight,,main,Raises,32.0,30.0
2014-10-15 20:00:00,Morgan Stanley,Underweight,Equal-weight,down,Maintains,30.0,0.0
2014-11-05 21:54:31,Bernstein,Underperform,Market Perform,down,Lowers,30.0,31.0
2014-11-21 14:00:00,Stifel,Buy,,main,Raises,36.0,39.0
2014-11-21 14:51:58,Imperial Capital,Outperform,,main,Raises,40.0,37.0
2015-01-05 05:00:00,MKM Partners,Buy,Neutral,up,Raises,45.0,40.0
2015-01-14 14:00:00,Jefferies,Buy,,main,Raises,50.0,45.0
2015-01-16 14:00:00,Stifel,Buy,,main,Raises,41.0,39.0
2015-01-20 11:01:36,JMP Securities,Market Underperform,Market Perform,down,Announces,30.0,0.0
2015-02-09 11:24:03,Hamburger Sparkasse,Neutral,Sell,up,,0.0,0.0
2015-02-23 10:57:50,Exane BNP Paribas,Outperform,,init,Announces,42.0,0.0
2015-02-26 14:00:00,Citigroup,Neutral,,main,Lowers,34.0,35.0
2015-03-13 08:45:25,Canaccord Genuity,Buy,Hold,up,Lowers,38.0,40.0
2015-03-13 11:27:26,CLSA,Underperform,Sell,up,,0.0,0.0
2015-03-13 13:00:00,Pacific Crest,Outperform,,main,Lowers,35.0,42.0
2015-04-15 10:16:45,RBC Capital,Outperform,Sector Perform,up,Raises,40.0,38.0
2015-04-15 10:40:11,Wedbush,Outperform,Neutral,up,Raises,37.0,34.0
2015-04-15 13:00:00,Pacific Crest,Overweight,,main,Raises,37.0,35.0
2015-04-16 09:56:50,Bernstein,Market Perform,Underperform,up,Removes,32.0,28.0
2015-04-17 14:03:43,Tigress Financial,Buy,Neutral,up,,0.0,0.0
2015-05-20 13:00:00,UBS,Buy,,main,Lowers,36.5,38.0
2015-06-02 10:17:14,BMO Capital,Market Perform,Outperform,down,,0.0,0.0
2015-06-26 13:00:00,Jefferies,Buy,,main,Lowers,45.0,48.0
2015-06-28 08:19:28,Pacific Crest,Overweight,,main,Lowers,35.0,37.0
2015-06-29 13:00:00,Pacific Crest,Overweight,,main,Lowers,35.0,37.0
2015-07-14 10:32:02,Bernstein,Underperform,Market Perform,down,Lowers,25.0,29.0
2015-07-15 10:57:34,Mizuho,Neutral,,init,Announces,32.0,0.0
2015-07-15 15:00:00,Jefferies,Buy,,main,Lowers,35.0,45.0
2015-07-16 10:18:30,Wedbush,Outperform,,main,Raises,35.0,34.0
2015-07-16 11:57:59,Needham,Buy,Hold,up,,0.0,0.0
2015-07-16 13:34:12,Ascendiant Capital,Hold,Sell,up,,0.0,0.0
2015-07-16 15:00:00,Nomura,Neutral,,main,Raises,33.0,31.0
2015-08-07 12:02:39,Drexel Hamilton,Hold,Buy,down,Lowers,30.0,40.0
2015-08-24 15:00:00,Susquehanna,Neutral,,main,Lowers,30.0,31.0
2015-08-31 10:50:28,Northland Capital Markets,Outperform,Market Perform,up,,0.0,0.0
2015-09-23 14:16:23,Bernstein,Market Perform,Underperform,up,Raises,29.0,25.0
2015-09-25 12:10:35,JMP Securities,Market Perform,,up,,0.0,0.0
2015-10-14 11:12:09,Summit Insights Group,Buy,Hold,up,,0.0,0.0
2015-10-14 13:31:05,RBC Capital,Sector Perform,,main,Raises,34.0,33.0
2015-10-21 19:40:59,Jefferies,Buy,,main,Raises,38.0,37.0
2015-10-26 17:55:22,Tigress Financial,Neutral,Buy,down,,0.0,0.0
2015-11-20 10:29:32,JMP Securities,Market Outperform,Market Perform,up,,0.0,0.0
2015-12-09 11:40:56,Nomura,Buy,Neutral,up,,0.0,0.0
2016-01-04 13:22:52,Deutsche Bank,Buy,,main,Raises,38.0,37.0
2016-01-12 11:02:59,Mizuho,Buy,Neutral,up,Raises,37.0,0.0
2016-01-12 12:00:44,JP Morgan,Overweight,,init,Announces,40.0,0.0
2016-01-14 10:56:58,SunTrust Robinson Humphrey,Neutral,,init,,0.0,0.0
2016-01-15 12:24:06,Pacific Crest,Overweight,,main,Raises,38.0,37.0
2016-01-15 12:50:01,Stifel,Buy,,main,Raises,37.0,36.0
2016-01-15 19:59:23,B. Riley Securities,Buy,,main,Raises,0.0,0.0
2016-01-25 12:35:15,Macquarie,Outperform,Neutral,up,,0.0,0.0
2016-02-03 10:43:15,Goldman Sachs,Neutral,Sell,up,,0.0,0.0
2016-02-10 20:02:44,Keybanc,Overweight,,main,Lowers,35.0,38.0
2016-02-17 14:16:36,RBC Capital,Sector Perform,,main,Lowers,31.0,33.0
2016-03-03 11:53:00,Baird,Outperform,Neutral,up,Raises,38.0,33.0
2016-03-07 12:58:49,B of A Securities,Buy,,main,Lowers,36.0,40.0
2016-03-21 10:42:51,Bernstein,Underperform,Market Perform,down,,0.0,0.0
2016-03-21 15:39:33,Deutsche Bank,Buy,,main,Lowers,37.0,38.0
2016-03-21 18:10:43,UBS,Buy,,main,Lowers,35.0,36.0
2016-04-01 10:35:07,RBC Capital,Sector Perform,,main,Raises,33.0,31.0
2016-04-04 11:14:10,Exane BNP Paribas,Neutral,Outperform,down,Lowers,35.0,40.0
2016-04-07 09:58:31,Brean Capital,Buy,,init,Announces,36.0,0.0
2016-04-18 07:55:40,Summit Insights Group,Buy,,main,Lowers,37.0,38.0
2016-04-20 08:33:45,Goldman Sachs,Neutral,,main,Lowers,33.0,34.0
2016-04-20 08:39:58,JP Morgan,Overweight,,main,Raises,39.0,38.0
2016-04-20 13:36:04,Northland Capital Markets,Market Perform,Outperform,down,,0.0,0.0
2016-05-17 10:36:05,CLSA,Underperform,,init,Announces,30.0,0.0
2016-07-08 14:41:01,Bernstein,Market Perform,,up,,0.0,0.0
2016-07-21 10:10:06,Credit Suisse,Outperform,,main,Maintains,40.0,0.0
2016-07-21 10:14:22,Brean Capital,Buy,,main,Raises,38.0,36.0
2016-07-21 10:14:29,Morgan Stanley,Underweight,,main,Maintains,31.0,0.0
2016-07-21 10:16:16,Citigroup,Neutral,,main,Maintains,35.0,0.0
2016-07-21 10:48:04,Jefferies,Buy,,main,Raises,44.0,42.0
2016-07-21 11:30:26,Pacific Crest,Overweight,,main,Raises,38.0,37.0
2016-07-21 11:31:40,Nomura,Buy,,main,Maintains,35.0,0.0
2016-07-21 11:33:14,MKM Partners,Buy,,main,Raises,40.0,39.0
2016-07-21 11:41:20,Barclays,Equal-Weight,,main,Maintains,33.0,0.0
2016-07-21 11:43:04,Canaccord Genuity,Buy,,main,Maintains,40.0,0.0
2016-07-21 11:44:20,Deutsche Bank,Buy,,main,Maintains,40.0,0.0
2016-07-21 11:52:35,Oppenheimer,Perform,,main,,0.0,0.0
2016-08-02 17:19:16,Nomura,Buy,,main,Raises,38.0,35.0
2016-09-01 10:40:22,Roth Capital,Buy,,init,Announces,40.0,0.0
2016-09-06 06:40:54,Evercore ISI Group,Buy,Hold,up,,0.0,0.0
2016-09-06 12:15:32,Baird,Outperform,,main,Raises,40.0,38.0
2016-09-19 11:24:24,CLSA,Underperform,,main,Raises,37.0,35.0
2016-09-19 15:08:16,Argus Research,Buy,,main,Raises,0.0,0.0
2016-09-19 15:08:18,B. Riley Securities,Buy,,main,Raises,0.0,0.0
2016-09-19 15:08:19,Citigroup,Neutral,,main,Raises,38.0,35.0
2016-09-19 15:08:20,Roth Capital,Buy,,main,Raises,43.0,40.0
2016-09-19 15:08:21,UBS,Buy,,main,Raises,43.0,40.0
2016-09-20 11:32:24,Susquehanna,Positive,,init,Announces,42.0,0.0
2016-10-03 12:53:49,Keybanc,Overweight,,main,Raises,44.0,42.0
2016-10-03 18:40:00,Pacific Crest,Overweight,,main,Raises,44.0,42.0
2016-10-18 04:00:00,Barclays,Overweight,Equal-Weight,up,Raises,0.0,0.0
2016-10-19 04:00:00,Charter Equity,Buy,Market Perform,up,,0.0,0.0
2016-12-13 14:13:24,Loop Capital,Buy,,init,Announces,40.0,0.0
2017-01-27 11:47:09,Morgan Stanley,Equal-Weight,Underweight,up,,0.0,0.0
2017-02-10 13:13:40,Canaccord Genuity,Hold,Buy,down,Lowers,38.0,43.0
2017-03-01 11:00:04,Bernstein,Underperform,Market Perform,down,Lowers,30.0,36.0
2017-03-13 17:50:49,Jefferies,Hold,Buy,down,,0.0,0.0
2017-03-15 13:08:48,Credit Suisse,Neutral,Outperform,down,Lowers,35.0,45.0
2017-03-31 12:09:22,Macquarie,Outperform,,init,,0.0,0.0
2017-06-21 11:24:02,B of A Securities,Neutral,Buy,down,,0.0,0.0
2017-07-10 10:25:16,Jefferies,Underperform,Hold,down,,0.0,0.0
2017-07-12 16:04:35,Hilliard Lyons,Long-Term Buy,,init,Announces,41.0,0.0
2017-10-27 13:20:27,B of A Securities,Buy,Neutral,up,,0.0,0.0
2017-10-27 17:12:50,BMO Capital,Market Perform,,main,Raises,37.0,34.0
2017-10-27 17:55:18,Loop Capital,Buy,,main,Raises,49.0,45.0
2017-10-27 18:07:51,Canaccord Genuity,Hold,,main,Raises,41.0,38.0
2017-10-30 11:44:02,BMO Capital,Outperform,Market Perform,up,,0.0,37.0
2017-11-13 19:38:33,Barclays,Overweight,,main,Raises,55.0,45.0
2017-11-17 13:17:45,Canaccord Genuity,Hold,,main,Raises,45.0,41.0
2018-01-26 14:05:43,Credit Suisse,Outperform,Neutral,up,,0.0,35.0
2018-01-26 15:55:53,Keybanc,Overweight,Overweight,main,Raises,60.0,50.0
2018-01-26 19:50:32,Morgan Stanley,Equal-Weight,Equal-Weight,main,Raises,43.0,39.0
2018-01-26 20:09:30,Stifel,Buy,Buy,main,Raises,53.0,50.0
2018-03-08 14:45:53,B of A Securities,Buy,Buy,main,Raises,61.0,52.0
2018-03-26 12:31:58,Baird,Outperform,Outperform,main,Raises,62.0,60.0
2018-03-26 13:07:08,Raymond James,Market Perform,Underperform,up,,0.0,0.0
2018-03-28 11:32:13,DZ Bank,Hold,Buy,down,,0.0,0.0
2018-04-05 11:03:31,Stifel,Hold,Buy,down,,0.0,53.0
2018-04-05 11:49:56,UBS,Buy,,init,Announces,70.0,0.0
2018-04-05 17:47:45,Tigress Financial,Buy,Neutral,up,,0.0,0.0
2018-04-18 14:40:00,B of A Securities,Buy,Buy,main,Raises,65.0,61.0
2018-04-19 17:41:18,Barclays,Overweight,Overweight,main,Raises,60.0,55.0
2018-04-24 12:35:57,Citigroup,Buy,Buy,main,Raises,60.0,58.0
2018-04-25 12:38:42,Credit Suisse,Outperform,Outperform,main,Raises,60.0,55.0
2018-04-27 11:16:17,Keybanc,Overweight,Overweight,main,Raises,65.0,60.0
2018-04-27 11:29:00,Bernstein,Market Perform,Underperform,up,,0.0,30.0
2018-04-27 11:47:06,Stifel,Hold,Hold,main,Raises,57.0,53.0
2018-04-27 13:40:02,Barclays,Overweight,Overweight,main,Raises,62.0,60.0
2018-04-27 13:58:30,B. Riley Securities,Buy,Buy,main,Raises,65.0,55.0
2018-04-27 14:12:46,Morgan Stanley,Equal-Weight,Equal-Weight,main,Raises,54.0,43.0
2018-04-30 11:57:07,Citigroup,Buy,Buy,main,Raises,64.0,60.0
2018-05-17 20:29:15,Cowen & Co.,Market Weight,,init,Announces,55.0,0.0
2018-06-18 11:37:52,Northland Capital Markets,Underperform,Market Perform,down,,0.0,0.0
2018-06-22 11:02:04,Morgan Stanley,Equal-Weight,Equal-Weight,main,Raises,55.0,54.0
2018-06-25 11:25:26,Nomura,Neutral,Buy,down,Lowers,55.0,60.0
2018-06-26 11:08:50,Benchmark,Hold,,init,,0.0,0.0
2018-06-26 11:48:57,Bernstein,Underperform,Market Perform,down,Lowers,42.0,54.0
2018-07-05 11:54:41,Keybanc,Overweight,Overweight,main,Lowers,60.0,65.0
2018-07-17 10:46:40,Evercore ISI Group,In-Line,Outperform,down,,0.0,0.0
2018-07-27 11:15:07,Keybanc,Overweight,Overweight,main,Lowers,58.0,60.0
2018-07-27 11:58:27,B of A Securities,Neutral,Buy,down,Lowers,56.0,62.0
2018-07-27 12:55:57,Stifel,Hold,Hold,main,Lowers,52.0,60.0
2018-07-27 14:00:15,Citigroup,Neutral,Buy,down,,0.0,64.0
2018-07-27 14:49:10,Summit Insights Group,Hold,Buy,down,,0.0,0.0
2018-07-27 14:57:55,Wells Fargo,Outperform,Outperform,main,Lowers,58.0,65.0
2018-07-27 15:05:11,Credit Suisse,Outperform,Outperform,main,Lowers,58.0,65.0
2018-07-27 15:18:24,Jefferies,Underperform,Underperform,main,Raises,44.0,42.0
2018-07-27 15:38:29,Morgan Stanley,Equal-Weight,Equal-Weight,main,Raises,56.0,55.0
2018-07-31 11:56:40,DZ Bank,Buy,Hold,up,,0.0,0.0
2018-08-06 11:15:42,Barclays,Equal-Weight,Overweight,down,Lowers,53.0,62.0
2018-08-10 11:56:02,Goldman Sachs,Sell,Neutral,down,Lowers,44.0,49.0
2018-08-13 12:11:48,Cowen & Co.,Market Perform,Market Perform,main,Lowers,49.0,52.0
2018-09-10 12:13:47,Wells Fargo,Outperform,Outperform,main,Lowers,55.0,58.0
2018-09-13 11:46:19,Northland Capital Markets,Market Perform,Underperform,up,,0.0,0.0
2018-09-25 10:14:25,Keybanc,Sector Weight,,init,,0.0,0.0
2018-09-25 11:24:39,Raymond James,Underperform,Market Perform,down,,0.0,0.0
2018-10-01 10:35:30,Barclays,Underweight,Equal-Weight,down,,0.0,0.0
2018-10-22 11:02:22,Nomura,Buy,Neutral,up,,0.0,0.0
2018-10-26 14:29:40,Nomura,Buy,Buy,main,Raises,55.0,50.0
2018-10-26 14:59:23,BMO Capital,Outperform,Outperform,main,Lowers,58.0,62.0
2018-11-29 12:43:52,DZ Bank,Hold,Buy,down,Announces,50.0,0.0
2018-12-19 12:54:34,Morgan Stanley,Equal-Weight,Equal-Weight,main,Raises,55.0,54.0
2019-01-04 11:37:47,B of A Securities,Buy,Neutral,up,,0.0,0.0
2019-01-25 12:12:42,Susquehanna,Neutral,Positive,down,,0.0,0.0
2019-02-22 11:37:13,Morgan Stanley,Overweight,Equal-Weight,up,,0.0,0.0
2019-02-26 13:25:29,Deutsche Bank,Buy,Buy,main,Raises,65.0,55.0
2019-04-03 11:33:05,Nomura,Buy,,init,Announces,65.0,0.0
2019-04-05 13:32:38,Wells Fargo,Market Perform,Outperform,down,,0.0,0.0
2019-04-26 15:37:36,Morgan Stanley,Overweight,,main,Lowers,63.0,64.0
2019-04-26 15:53:21,Deutsche Bank,Buy,Buy,main,Lowers,62.0,65.0
2019-04-29 12:30:34,Argus Research,Hold,Buy,down,,0.0,0.0
2019-05-09 10:39:11,BMO Capital,Market Perform,Outperform,down,,0.0,0.0
2019-05-09 13:26:46,Deutsche Bank,Buy,,main,Lowers,60.0,62.0
2019-05-09 13:56:01,Wells Fargo,Market Perform,,main,Lowers,55.0,60.0
2019-05-10 12:59:19,Mizuho,Buy,,main,Lowers,56.0,58.0
2019-06-10 12:30:55,Morgan Stanley,Overweight,,main,Lowers,61.0,63.0
2019-06-27 11:42:19,Wedbush,Underperform,,init,Announces,37.5,0.0
2019-07-22 11:48:11,Atlantic Equities,Underweight,,init,Announces,38.0,0.0
2019-07-22 14:12:42,B of A Securities,Buy,,main,Lowers,57.0,62.0
2019-07-23 12:37:35,Benchmark,Hold,,init,,0.0,0.0
2019-07-26 11:54:56,Morgan Stanley,Overweight,,main,Raises,64.0,61.0
2019-07-26 12:00:55,Mizuho,Buy,,main,Raises,58.0,52.0
2019-07-26 12:56:38,Wedbush,Underperform,,main,Raises,42.9,37.5
2019-07-26 14:11:59,Baird,Outperform,,main,Raises,65.0,60.0
2019-08-13 11:36:35,Loop Capital,Hold,,init,Announces,50.0,0.0
2019-08-16 11:15:08,Northland Capital Markets,Market Perform,Underperform,up,,0.0,0.0
2019-10-25 11:28:20,Credit Suisse,Outperform,,main,Raises,65.0,58.0
2019-10-25 11:43:55,Northland Capital Markets,Outperform,Market Perform,up,Announces,69.0,0.0
2019-10-25 12:18:53,Morgan Stanley,Overweight,,main,Raises,65.0,64.0
2019-10-25 12:34:21,BMO Capital,Market Perform,,main,Raises,53.0,50.0
2019-10-25 13:15:55,Wedbush,Underperform,,main,Raises,46.0,42.9
2019-10-25 13:24:31,Wells Fargo,Market Perform,,main,Raises,58.0,55.0
2019-11-19 13:03:41,Mizuho,Buy,,main,Raises,64.0,60.0
2019-12-02 12:32:20,B of A Securities,Buy,,reit,Raises,70.0,65.0
2019-12-18 14:25:45,Morgan Stanley,Overweight,,main,Raises,66.0,65.0
2020-01-17 12:24:26,Citigroup,Neutral,,main,Raises,60.0,53.0
2020-01-21 11:32:09,Jefferies,Hold,Underperform,up,,0.0,0.0
2020-01-24 12:56:27,Wells Fargo,Equal-Weight,,main,Raises,70.0,58.0
2020-01-24 12:57:55,Loop Capital,Sell,Hold,down,Announces,59.0,0.0
2020-01-24 13:06:30,Roth Capital,Buy,,main,Raises,75.0,60.0
2020-01-24 13:07:10,Mizuho,Buy,,main,Raises,71.0,64.0
2020-01-24 13:07:45,UBS,Buy,,main,Raises,75.0,60.0
2020-01-24 13:08:39,Credit Suisse,Outperform,,main,Raises,75.0,65.0
2020-01-24 13:10:42,Wedbush,Underperform,,main,Raises,52.5,46.0
2020-01-24 13:11:44,Nomura,Buy,,main,Raises,74.0,65.0
2020-01-24 13:13:12,SunTrust Robinson Humphrey,Hold,,main,Raises,70.0,62.0
2020-01-24 13:14:54,Bernstein,Underperform,,main,Raises,50.0,42.0
2020-01-24 13:30:10,B of A Securities,Buy,,reit,Raises,75.0,70.0
2020-01-24 14:28:46,Morgan Stanley,Overweight,,main,Raises,71.0,66.0
2020-01-24 14:56:33,Deutsche Bank,Buy,,main,Raises,72.0,64.0
2020-01-27 12:38:10,Northland Capital Markets,Market Perform,Outperform,down,Announces,70.0,0.0
2020-01-27 12:55:12,Citigroup,Neutral,,main,Raises,67.0,60.0
2020-03-10 13:29:34,Morgan Stanley,Overweight,,main,Lowers,69.0,71.0
2020-03-18 13:02:50,Morgan Stanley,Overweight,,main,Lowers,61.0,69.0
2020-03-20 15:03:23,Wells Fargo,Equal-Weight,,main,Lowers,56.0,70.0
2020-03-24 10:06:54,Goldman Sachs,Neutral,Sell,up,Lowers,54.0,55.0
2020-03-25 11:59:55,Argus Research,Buy,Hold,up,Announces,65.0,0.0
2020-03-30 12:20:10,Citigroup,Neutral,,main,Lowers,58.0,67.0
2020-03-31 14:51:04,Northland Capital Markets,Market Perform,,main,Lowers,60.0,70.0
2020-04-06 11:10:39,Raymond James,Market Perform,Underperform,up,,0.0,0.0
2020-04-15 13:47:14,B of A Securities,Buy,,main,Raises,70.0,68.0
2020-04-22 13:24:20,Jefferies,Hold,,main,Raises,62.0,53.0
2020-04-24 12:04:27,RBC Capital,Underperform,,main,Lowers,52.0,56.0
2020-04-24 12:37:26,Wells Fargo,Equal-Weight,,main,Raises,60.0,56.0
2020-04-24 13:03:28,Wedbush,Underperform,,main,Lowers,51.0,52.5
2020-04-24 14:16:54,SunTrust Robinson Humphrey,Hold,,main,Raises,59.0,58.0
2020-06-15 08:41:11,Keybanc,Overweight,Sector Weight,up,Announces,82.0,0.0
2020-06-16 09:46:41,Morgan Stanley,Equal-Weight,Overweight,down,Announces,65.0,0.0
2020-07-06 11:07:24,Goldman Sachs,Sell,Neutral,down,Lowers,54.0,65.0
2020-07-24 10:11:57,Barclays,Underweight,Equal-Weight,down,Lowers,48.0,58.0
2020-07-24 10:13:16,Roth Capital,Neutral,Buy,down,Lowers,55.0,75.0
2020-07-24 10:21:28,Bernstein,Underperform,Market Perform,down,Announces,45.0,0.0
2020-07-24 10:23:02,Deutsche Bank,Hold,Buy,down,Lowers,60.0,70.0
2020-07-24 11:52:51,B of A Securities,Neutral,Buy,down,Lowers,62.0,70.0
2020-07-24 11:55:56,Northland Capital Markets,Underperform,Market Perform,down,,0.0,0.0
2020-07-24 12:48:34,Credit Suisse,Outperform,,main,Lowers,70.0,75.0
2020-07-24 13:01:47,Morgan Stanley,Equal-Weight,,main,Lowers,61.0,65.0
2020-07-24 16:40:27,BMO Capital,Market Perform,,main,Lowers,50.0,55.0
2020-10-14 11:40:36,UBS,Buy,,main,Raises,67.0,64.0
2020-10-21 16:21:46,Susquehanna,Neutral,,main,Raises,56.0,53.0
2020-10-23 11:00:12,Rosenblatt,Sell,,main,Lowers,40.0,45.0
2020-10-23 11:25:49,Mizuho,Buy,,main,Lowers,60.0,63.0
2020-10-23 12:23:37,Morgan Stanley,Equal-Weight,,main,Lowers,56.0,61.0
2020-10-23 12:40:06,Credit Suisse,Outperform,,main,Lowers,65.0,70.0
2020-10-23 12:40:43,UBS,Buy,,main,Lowers,62.0,67.0
2020-10-23 13:21:28,Truist Securities,Hold,,main,Lowers,51.0,61.0
2020-10-23 15:38:29,B of A Securities,Underperform,Neutral,down,Lowers,45.0,60.0
2020-10-23 16:41:45,Deutsche Bank,Hold,,main,Lowers,55.0,60.0
2020-10-23 16:52:50,JP Morgan,Overweight,,main,Lowers,70.0,75.0
2020-11-02 12:08:26,Northland Capital Markets,Market Perform,Underperform,up,Announces,46.0,0.0
2020-12-14 15:00:48,Morgan Stanley,Equal-Weight,,main,Raises,60.0,56.0
2021-01-14 12:18:18,Morgan Stanley,Overweight,Equal-Weight,up,Raises,70.0,60.0
2021-01-14 12:19:37,Atlantic Equities,Neutral,Underweight,up,Raises,55.0,36.0
2021-01-14 12:30:24,BMO Capital,Outperform,Market Perform,up,Raises,70.0,50.0
2021-01-14 12:35:20,Cowen & Co.,Outperform,Market Perform,up,Raises,75.0,50.0
2021-01-14 15:11:29,Needham,Buy,Hold,up,Announces,70.0,0.0
2021-01-15 12:21:30,DZ Bank,Hold,Sell,up,,0.0,0.0
2021-01-22 10:07:38,KeyBanc,Overweight,,main,Raises,86.0,82.0
2021-01-22 11:48:21,UBS,Buy,,main,Raises,75.0,71.0
2021-01-22 12:20:32,RBC Capital,Underperform,,main,Raises,47.0,40.0
2021-01-22 12:48:09,BMO Capital,Outperform,,main,Raises,75.0,70.0
2021-01-22 13:14:38,Wedbush,Underperform,,main,Raises,53.0,48.0
2021-01-22 13:47:11,Barclays,Underweight,,main,Raises,53.0,50.0
2021-01-22 14:35:31,Morgan Stanley,Overweight,,main,Raises,72.0,70.0
2021-01-22 14:37:19,Roth Capital,Neutral,,main,Raises,60.0,50.0
2021-01-22 16:28:59,Truist Securities,Hold,,main,Raises,64.0,60.0
2021-03-24 10:51:22,Needham,Buy,,main,Raises,74.0,70.0
2021-03-24 10:54:46,Wells Fargo,Equal-Weight,,main,Raises,70.0,60.0
2021-03-24 12:54:52,Evercore ISI Group,In-Line,,main,Raises,75.0,68.0
2021-03-24 13:14:07,Roth Capital,Neutral,,main,Raises,65.0,60.0
2021-03-24 13:41:36,Loop Capital,Sell,,main,Raises,55.0,50.0
2021-03-24 13:45:01,Jefferies,Hold,,main,Raises,59.0,57.0
2021-03-25 11:41:54,DZ Bank,Buy,Hold,up,Announces,76.0,0.0
2021-04-15 11:22:39,Raymond James,Underperform,Market Perform,down,,0.0,0.0
2021-04-23 11:16:16,Needham,Buy,,main,Lowers,70.0,74.0
2021-05-10 10:51:29,Atlantic Equities,Underweight,Neutral,down,Lowers,45.0,63.0
2021-05-20 10:02:56,Keybanc,Overweight,,main,Lowers,70.0,86.0
2021-06-18 14:24:50,Jefferies,Hold,,main,Lowers,54.0,59.0
2021-07-23 11:17:46,Mizuho,Buy,,main,Lowers,70.0,72.0
2021-07-23 12:03:46,Wells Fargo,Equal-Weight,,main,Lowers,60.0,70.0
2021-07-23 12:48:08,Roth Capital,Neutral,,main,Lowers,60.0,65.0
2021-07-23 13:43:06,Morgan Stanley,Overweight,,main,Lowers,70.0,72.0
2021-07-23 14:52:29,Barclays,Underweight,,main,Lowers,50.0,58.0
2021-10-06 12:33:08,Morgan Stanley,Overweight,,main,Lowers,67.0,70.0
2021-10-22 10:12:16,UBS,Neutral,Buy,down,Lowers,58.0,73.0
2021-10-22 10:29:44,Morgan Stanley,Equal-Weight,Overweight,down,Lowers,55.0,67.0
2021-10-22 10:31:46,Mizuho,Neutral,Buy,down,Lowers,55.0,70.0
2021-10-22 11:49:44,Needham,Buy,,main,Lowers,60.0,70.0
2021-10-26 10:09:06,BMO Capital,Market Perform,Outperform,down,Lowers,52.0,60.0
2022-01-04 13:38:40,Tigress Financial,Buy,,main,Raises,72.0,68.0
2022-01-05 12:38:08,Northland Capital Markets,Outperform,Market Perform,up,Announces,62.0,0.0
2022-01-11 09:31:01,Keybanc,Sector Weight,Overweight,down,,0.0,0.0
2022-01-18 13:29:35,Citigroup,Neutral,,main,Raises,58.0,52.0
2022-01-27 12:30:07,Mizuho,Neutral,,main,Lowers,53.0,55.0
2022-01-27 13:42:44,Credit Suisse,Outperform,,main,Lowers,70.0,80.0
2022-01-27 15:26:44,UBS,Neutral,,main,Lowers,53.0,58.0
2022-02-18 14:14:43,Barclays,Underweight,,main,Lowers,45.0,50.0
2022-02-18 14:36:33,BMO Capital,Market Perform,,main,Lowers,50.0,52.0
2022-02-23 10:25:38,Raymond James,Market Perform,Underperform,up,,0.0,0.0
2022-03-03 11:12:15,Morgan Stanley,Underweight,Equal-Weight,down,Announces,47.0,0.0
2022-04-29 10:54:51,Needham,Buy,,main,Lowers,55.0,60.0
2022-04-29 12:38:47,Wells Fargo,Equal-Weight,,main,Lowers,55.0,60.0
2022-06-06 11:11:42,Citigroup,Neutral,,main,Lowers,45.0,50.0
2022-06-29 12:01:09,B of A Securities,Underperform,,main,Lowers,39.0,47.0
2022-07-11 12:38:33,Barclays,Underweight,,main,Lowers,40.0,45.0
2022-07-13 16:07:41,Susquehanna,Neutral,,main,Lowers,45.0,50.0
2022-07-19 14:21:18,Susquehanna,Neutral,,main,Lowers,40.0,42.0
2022-07-20 12:17:11,Deutsche Bank,Hold,,main,Lowers,45.0,55.0
2022-07-29 10:17:06,Baird,Neutral,Outperform,down,Lowers,40.0,60.0
2022-07-29 10:57:30,Susquehanna,Negative,Neutral,down,Lowers,33.0,40.0
2022-07-29 11:25:42,Rosenblatt,Sell,,main,Lowers,30.0,40.0
2022-07-29 11:28:52,Barclays,Underweight,,main,Lowers,35.0,40.0
2022-07-29 11:31:26,Roth Capital,Neutral,,main,Lowers,40.0,48.0
2022-07-29 12:32:32,Morgan Stanley,Underweight,,main,Lowers,36.0,46.0
2022-07-29 13:10:48,Deutsche Bank,Hold,,main,Lowers,38.0,45.0
2022-07-29 14:09:37,Truist Securities,Hold,,main,Lowers,40.0,49.0
2022-07-29 14:41:56,UBS,Neutral,,main,Lowers,41.0,51.0
2022-08-02 10:15:15,DZ Bank,Sell,Hold,down,Announces,30.0,0.0
2022-09-08 08:41:59,Stifel,Hold,,init,Announces,32.0,0.0
2022-09-08 12:09:26,Deutsche Bank,Hold,,main,Lowers,35.0,38.0
2022-10-04 12:49:14,Goldman Sachs,Sell,,main,Lowers,24.0,30.0
2022-10-10 13:58:57,Northland Capital Markets,Outperform,,main,Lowers,52.0,55.0
2022-10-11 12:03:11,Wells Fargo,Equal-Weight,,main,Lowers,32.0,45.0
2022-10-12 11:05:35,Barclays,Underweight,,main,Lowers,30.0,35.0
2022-10-18 11:14:35,Deutsche Bank,Hold,,main,Lowers,32.0,35.0
2022-10-24 12:12:40,HSBC,Reduce,,init,Announces,23.0,0.0
2022-10-28 12:17:07,Rosenblatt,Sell,,main,Lowers,20.0,30.0
2022-10-28 12:31:50,Barclays,Equal-Weight,Underweight,up,Announces,30.0,0.0
2022-10-28 12:41:59,Truist Securities,Hold,,main,Lowers,29.0,40.0
2022-10-28 15:00:57,Morgan Stanley,Underweight,,main,Lowers,29.5,36.0
2022-10-31 11:14:38,Barclays,Equal-Weight,Underweight,up,Announces,30.0,0.0
2022-10-31 12:08:11,Citigroup,Neutral,,main,Lowers,27.0,30.0
2023-01-23 14:38:59,Truist Securities,Hold,,main,Raises,33.0,29.0
2023-01-23 15:19:27,Susquehanna,Negative,,main,Raises,24.0,22.0
2023-01-27 11:27:42,Deutsche Bank,Hold,,main,Lowers,28.0,32.0
2023-01-27 11:30:06,JP Morgan,Underweight,,main,Lowers,28.0,32.0
2023-01-27 11:34:13,Barclays,Equal-Weight,,main,Lowers,27.0,30.0
2023-01-27 11:36:39,Credit Suisse,Neutral,,main,Lowers,25.0,28.0
2023-01-27 11:57:06,Rosenblatt,Sell,,main,Lowers,17.0,20.0
2023-01-27 13:04:40,Wedbush,Underperform,,main,Lowers,20.0,23.0
2023-01-27 13:07:07,Wells Fargo,Equal-Weight,,main,Lowers,26.0,32.0
2023-01-27 13:39:55,Mizuho,Neutral,,main,Lowers,29.0,32.0
2023-01-27 13:42:28,Susquehanna,Negative,,main,Lowers,23.0,24.0
2023-01-27 13:45:24,Baird,Neutral,,main,Lowers,32.0,34.0
2023-01-27 13:52:41,B of A Securities,Underperform,,main,Lowers,25.0,28.0
2023-01-27 14:03:24,Cowen & Co.,Market Perform,,main,Lowers,26.0,31.0
2023-01-27 14:33:05,Northland Capital Markets,Outperform,,main,Lowers,45.0,52.0
2023-01-27 14:35:30,Truist Securities,Hold,,main,Lowers,29.0,33.0
2023-02-23 09:12:39,Needham,Buy,,reit,Maintains,32.0,0.0
2023-02-23 09:52:54,Morgan Stanley,Equal-Weight,Underweight,up,Lowers,28.0,29.5
2023-03-16 10:53:44,Susquehanna,Neutral,Negative,up,Announces,26.0,0.0
2023-03-20 13:27:47,Raymond James,Outperform,,main,Raises,33.0,30.0
2023-03-30 11:07:27,Raymond James,Outperform,,main,Raises,35.0,33.0
2023-03-30 11:11:43,Rosenblatt,Sell,,reit,Maintains,17.0,0.0
2023-03-30 12:26:46,Mizuho,Neutral,,reit,Maintains,29.0,0.0
2023-03-30 12:32:45,Wedbush,Underperform,,reit,Maintains,20.0,0.0
2023-04-03 12:55:23,Bernstein,Market Perform,Underperform,up,Raises,30.0,20.0
2023-04-17 10:45:10,Citigroup,Neutral,,main,Raises,32.0,25.5
2023-04-20 11:05:41,Susquehanna,Neutral,,main,Raises,33.0,31.0
2023-04-26 11:10:42,Rosenblatt,Sell,,reit,Maintains,17.0,0.0
2023-04-28 10:00:50,Barclays,Equal-Weight,,main,Raises,30.0,27.0
2023-04-28 10:58:47,Needham,Buy,,main,Raises,36.0,32.0
2023-04-28 11:16:56,Rosenblatt,Sell,,reit,Maintains,17.0,0.0
2023-04-28 11:43:37,Wells Fargo,Equal-Weight,,main,Raises,32.0,26.0
2023-04-28 12:57:12,Wedbush,Neutral,Underperform,up,Raises,30.0,20.0
2023-04-28 13:35:08,Benchmark,Buy,Hold,up,Announces,39.0,0.0
2023-04-28 13:40:30,BMO Capital,Market Perform,,main,Raises,32.0,28.0
2023-04-28 13:59:55,Truist Securities,Hold,,main,Raises,32.0,29.0
2023-04-28 14:29:39,Citigroup,Neutral,,main,Lowers,29.5,32.0
2023-05-01 12:24:51,Goldman Sachs,Sell,,main,Raises,27.0,24.0
2023-05-31 09:23:30,Raymond James,Outperform,,reit,,0.0,0.0
2023-05-31 17:02:03,Deutsche Bank,Hold,Hold,reit,Maintains,32.0,0.0
2023-06-16 12:59:02,Morgan Stanley,Equal-Weight,,main,Raises,38.0,31.0
2023-06-22 10:05:01,Needham,Buy,Buy,reit,Maintains,36.0,0.0
2023-06-22 11:00:06,Rosenblatt,Sell,Sell,reit,Maintains,17.0,0.0
2023-06-22 12:20:28,Benchmark,Buy,Buy,reit,Maintains,39.0,0.0
2023-06-22 13:00:18,Mizuho,Neutral,Neutral,reit,Maintains,30.0,0.0
2023-07-11 14:15:38,Citigroup,Neutral,Neutral,reit,Maintains,29.5,29.5
2023-07-18 16:20:05,Citigroup,Neutral,Neutral,main,Raises,34.0,29.5
2023-07-19 14:16:04,Susquehanna,Neutral,Neutral,main,Raises,35.0,33.0
2023-07-20 08:43:18,Wolfe Research,Underperform,,init,Announces,27.0,0.0
2023-07-24 10:49:34,Mizuho,Neutral,Neutral,main,Raises,33.0,30.0
2023-07-27 11:11:53,Rosenblatt,Sell,Sell,reit,Maintains,17.0,0.0
2023-07-28 10:01:58,Deutsche Bank,Hold,Hold,main,Raises,38.0,32.0
2023-07-28 10:08:16,Wolfe Research,Underperform,Underperform,main,Raises,31.0,27.0
2023-07-28 10:18:52,Barclays,Equal-Weight,Equal-Weight,main,Raises,32.0,30.0
2023-07-28 11:10:21,Needham,Buy,Buy,main,Raises,40.0,36.0
2023-07-28 11:13:14,JP Morgan,Underweight,Underweight,main,Raises,35.0,30.0
2023-07-28 11:30:40,Mizuho,Neutral,Neutral,main,Raises,36.0,33.0
2023-07-28 12:00:21,Rosenblatt,Sell,Sell,reit,Maintains,17.0,0.0
2023-07-28 12:11:45,Baird,Neutral,Neutral,main,Raises,40.0,32.0
2023-07-28 12:15:40,Raymond James,Outperform,Outperform,main,Raises,42.0,35.0
2023-07-28 13:57:13,UBS,Neutral,Neutral,main,Raises,38.0,35.0
2023-07-28 14:08:52,BMO Capital,Market Perform,Market Perform,main,Raises,36.0,32.0
2023-07-28 14:24:43,TD Cowen,Market Perform,Market Perform,main,Raises,38.0,31.0
2023-07-28 14:40:11,Truist Securities,Hold,Hold,main,Raises,37.0,32.0
2023-07-28 16:39:12,Wedbush,Neutral,Neutral,main,Raises,35.0,30.0
2023-08-04 17:02:57,Tigress Financial,Buy,Buy,reit,Lowers,46.0,72.0
2023-09-20 11:07:31,Rosenblatt,Sell,Sell,reit,Maintains,17.0,0.0
2023-09-22 16:33:47,Roth MKM,Neutral,Neutral,reit,Maintains,35.0,0.0
2023-10-04 11:55:12,Rosenblatt,Sell,Sell,reit,Maintains,17.0,0.0
2023-10-04 14:47:27,Roth MKM,Neutral,Neutral,reit,Maintains,35.0,0.0
2023-10-04 19:09:41,Northland Capital Markets,Outperform,Outperform,main,Raises,56.0,45.0
2023-10-05 08:25:31,Needham,Buy,Buy,reit,Maintains,40.0,0.0
2023-10-19 13:07:11,Susquehanna,Neutral,Neutral,main,Raises,38.0,37.0
2023-10-25 11:45:37,Raymond James,Outperform,Outperform,main,Lowers,40.0,42.0
2023-10-27 09:38:58,HSBC,Hold,Reduce,up,Raises,33.0,27.0
2023-10-27 11:04:07,Needham,Buy,Buy,reit,Maintains,40.0,0.0
2023-10-27 11:56:16,Rosenblatt,Sell,Sell,reit,Maintains,17.0,0.0
2023-10-27 13:20:12,Morgan Stanley,Equal-Weight,Equal-Weight,main,Raises,39.0,35.0
2023-11-16 09:08:12,Mizuho,Buy,Neutral,up,Raises,50.0,37.0
2023-12-05 15:25:44,Benchmark,Buy,Buy,main,Raises,52.0,42.0
2023-12-12 14:16:07,Raymond James,Outperform,Outperform,main,Raises,48.0,42.0
2023-12-15 12:17:59,B of A Securities,Neutral,Underperform,up,Raises,50.0,32.0
2024-01-02 19:35:53,Stifel,Hold,Hold,main,Raises,45.0,38.0
2024-01-04 15:27:15,Tigress Financial,Buy,Buy,main,Raises,66.0,46.0
2024-01-16 17:24:14,Barclays,Equal-Weight,Equal-Weight,main,Raises,44.0,32.0
2024-01-18 16:51:01,Susquehanna,Neutral,Neutral,main,Raises,42.0,38.0
2024-01-19 15:41:03,Raymond James,Outperform,Outperform,main,Raises,54.0,48.0
2024-01-23 09:45:31,Cantor Fitzgerald,Neutral,,init,Announces,50.0,0.0
2024-01-23 12:35:21,Rosenblatt,Sell,Sell,reit,Maintains,17.0,0.0
2024-01-26 10:40:54,Summit Insights Group,Hold,Buy,down,,0.0,0.0
2024-01-26 12:19:29,Needham,Hold,Buy,down,,0.0,0.0
2024-01-26 12:47:51,Raymond James,Outperform,Outperform,main,Lowers,52.0,54.0
2024-01-26 13:50:41,Wedbush,Neutral,Neutral,main,Lowers,40.0,45.0
2024-01-26 14:23:17,Wells Fargo,Equal-Weight,Equal-Weight,main,Lowers,48.0,52.0
2024-01-26 14:37:45,Goldman Sachs,Sell,Sell,main,Raises,39.0,34.0
2024-01-26 16:39:38,Rosenblatt,Sell,Sell,reit,Maintains,17.0,0.0
2024-01-26 17:29:08,Benchmark,Buy,Buy,main,Raises,62.0,52.0
2024-01-26 19:34:20,Mizuho,Buy,Buy,main,Lowers,55.0,58.0
2024-01-29 15:31:18,Goldman Sachs,Sell,Sell,main,Raises,39.0,34.0
2024-01-29 16:15:41,Morgan Stanley,Equal-Weight,Equal-Weight,main,Raises,48.0,39.0
2024-02-02 15:02:16,Cantor Fitzgerald,Neutral,Neutral,reit,Maintains,50.0,0.0
2024-02-16 14:58:08,Wedbush,Neutral,Neutral,reit,Maintains,40.0,0.0
2024-02-23 12:56:33,Rosenblatt,Sell,Sell,reit,Maintains,17.0,0.0
2024-03-07 16:18:00,UBS,Neutral,Neutral,main,Raises,46.0,38.0
2024-03-11 15:49:54,Cantor Fitzgerald,Neutral,Neutral,reit,Maintains,50.0,50.0
2024-04-01 13:21:51,UBS,Neutral,Neutral,main,Raises,50.0,46.0
2024-04-03 12:52:58,Stifel,Hold,Hold,main,Maintains,45.0,45.0
2024-04-03 13:22:22,Wedbush,Neutral,Neutral,reit,Maintains,40.0,40.0
2024-04-03 13:30:13,Cantor Fitzgerald,Neutral,Neutral,reit,Maintains,50.0,50.0
2024-04-03 13:36:52,Truist Securities,Hold,Hold,main,Maintains,45.0,0.0
2024-04-03 13:43:38,Benchmark,Buy,Buy,reit,Maintains,62.0,62.0
2024-04-04 13:32:15,Susquehanna,Neutral,Neutral,main,Maintains,42.0,42.0
2024-04-08 17:53:39,Cantor Fitzgerald,Neutral,Neutral,main,Lowers,45.0,50.0
2024-04-09 13:33:22,Wells Fargo,Equal-Weight,Equal-Weight,main,Lowers,43.0,48.0
2024-04-12 11:56:47,B of A Securities,Neutral,Neutral,main,Lowers,44.0,50.0
2024-04-15 14:49:46,Citigroup,Neutral,Neutral,main,Lowers,40.0,47.5
2024-04-16 09:34:36,Evercore ISI Group,In-Line,,init,Announces,40.0,0.0
2024-04-17 12:25:58,Susquehanna,Neutral,Neutral,main,Lowers,40.0,42.0
2024-04-17 13:39:22,Wedbush,Neutral,Neutral,reit,Maintains,40.0,40.0
2024-04-23 11:14:58,HSBC,Hold,Hold,main,Lowers,37.0,44.0
2024-04-26 10:32:57,JP Morgan,Underweight,Underweight,main,Lowers,35.0,37.0
2024-04-26 11:20:12,Needham,Hold,,reit,,0.0,0.0
2024-04-26 11:27:12,Goldman Sachs,Sell,Sell,main,Lowers,34.0,39.0
2024-04-26 11:36:30,Mizuho,Buy,Buy,main,Lowers,45.0,55.0
2024-04-26 11:53:59,Rosenblatt,Sell,Sell,main,Maintains,17.0,17.0
2024-04-26 12:37:33,Evercore ISI Group,In-Line,In-Line,main,Lowers,36.0,40.0
2024-04-26 12:43:36,Bernstein,Market Perform,Market Perform,main,Lowers,35.0,42.0
2024-04-26 12:44:12,Morgan Stanley,Equal-Weight,Equal-Weight,main,Lowers,36.0,48.0
2024-04-26 13:11:10,Wedbush,Neutral,Neutral,main,Lowers,32.5,40.0
2024-04-26 14:00:31,Barclays,Equal-Weight,Equal-Weight,main,Lowers,40.0,44.0
2024-04-26 14:04:51,Susquehanna,Neutral,Neutral,main,Lowers,35.0,40.0
2024-04-26 15:45:57,Truist Securities,Hold,Hold,main,Lowers,33.0,45.0
2024-04-26 16:28:18,Roth MKM,Neutral,Neutral,main,Lowers,35.0,45.0
2024-04-26 17:21:19,TD Cowen,Hold,Hold,main,Lowers,35.0,42.0
2024-04-26 18:24:03,Wells Fargo,Equal-Weight,Equal-Weight,main,Lowers,38.0,43.0
2024-05-09 12:44:04,Goldman Sachs,Sell,Sell,main,Lowers,30.0,34.0
2024-05-16 10:08:51,Wolfe Research,Peer Perform,Underperform,up,,0.0,0.0
2024-07-16 16:27:01,Cantor Fitzgerald,Neutral,Neutral,reit,Maintains,40.0,40.0
2024-08-02 10:21:36,B of A Securities,Underperform,Neutral,down,Lowers,23.0,35.0
2024-08-02 10:28:39,Deutsche Bank,Hold,Hold,main,Lowers,27.0,38.0
2024-08-02 10:38:29,Goldman Sachs,Sell,Sell,main,Lowers,22.0,29.0
2024-08-02 10:52:02,Raymond James,Market Perform,Outperform,down,,0.0,0.0
2024-08-02 12:10:02,Morgan Stanley,Equal-Weight,Equal-Weight,main,Lowers,25.0,36.0
2024-08-02 12:22:26,Susquehanna,Neutral,Neutral,main,Lowers,26.0,35.0
2024-08-02 12:37:14,JP Morgan,Underweight,Underweight,main,Lowers,26.0,35.0
2024-08-02 13:06:28,Truist Securities,Hold,Hold,main,Lowers,25.0,33.0
2024-08-02 14:22:39,Wedbush,Neutral,Neutral,main,Lowers,25.0,32.5
2024-08-02 14:51:54,Cantor Fitzgerald,Neutral,Neutral,main,Lowers,27.0,40.0
2024-08-02 14:58:52,Barclays,Equal-Weight,Equal-Weight,main,Lowers,25.0,40.0
2024-08-02 17:18:02,Roth MKM,Neutral,Neutral,main,Lowers,25.0,35.0
2024-08-02 17:42:24,UBS,Neutral,Neutral,main,Lowers,32.0,37.0
2024-08-02 17:59:02,Northland Capital Markets,Outperform,Outperform,main,Lowers,42.0,68.0
2024-08-02 22:41:24,Rosenblatt,Sell,Sell,main,Maintains,17.0,17.0
2024-08-08 09:50:22,Mizuho,Neutral,Outperform,down,Lowers,22.0,36.0
2024-09-23 10:43:11,Benchmark,Hold,,reit,,0.0,0.0
2024-10-03 16:40:00,Deutsche Bank,Hold,Hold,main,Lowers,25.0,27.0
2024-10-17 16:51:58,Goldman Sachs,Sell,Sell,main,Lowers,21.0,22.0
2024-10-25 15:24:40,Stifel,Hold,Hold,reit,Lowers,25.0,28.0
2024-10-29 14:07:18,Rosenblatt,Sell,Sell,main,Maintains,17.0,17.0
2024-11-01 10:11:49,Needham,Hold,,reit,,0.0,0.0
2024-11-01 11:27:52,Rosenblatt,Sell,Sell,main,Raises,20.0,17.0
2024-11-01 11:48:00,Benchmark,Hold,,reit,,0.0,0.0
2024-11-01 12:51:55,Baird,Neutral,Neutral,main,Raises,25.0,20.0
2024-11-01 14:42:45,Truist Securities,Hold,Hold,main,Raises,26.0,25.0
2024-11-01 18:11:14,Mizuho,Neutral,Neutral,main,Raises,23.0,22.0
2024-11-01 18:41:31,Northland Capital Markets,Outperform,Outperform,main,Lowers,28.0,42.0
2024-12-03 17:07:10,B of A Securities,Underperform,Underperform,reit,Maintains,21.0,21.0
2024-12-16 09:58:46,Truist Securities,Hold,Hold,main,Lowers,22.0,26.0
2025-01-10 17:50:49,Mizuho,Neutral,Neutral,main,Lowers,21.0,23.0
2025-01-17 12:56:17,Barclays,Equal-Weight,Equal-Weight,main,Lowers,23.0,25.0
2025-01-21 15:23:25,Citigroup,Neutral,Neutral,main,Lowers,21.0,22.0
2025-01-21 15:54:52,HSBC,Hold,Reduce,up,,0.0,0.0
2025-01-21 18:11:30,UBS,Neutral,Neutral,main,Lowers,23.0,26.0
2025-01-23 09:55:01,Susquehanna,Neutral,Neutral,main,Lowers,24.0,26.0
2025-01-27 10:07:13,Wedbush,Neutral,Neutral,main,Lowers,20.0,25.0
2025-01-30 13:07:48,Rosenblatt,Sell,Sell,main,Maintains,20.0,20.0
2025-01-31 09:45:01,Baird,Neutral,Neutral,main,Lowers,20.0,25.0
2025-01-31 11:23:50,Roth MKM,Neutral,Neutral,main,Lowers,20.0,25.0
2025-01-31 12:45:40,Needham,Hold,Hold,reit,,0.0,0.0
2025-01-31 13:16:04,Benchmark,Hold,Hold,reit,,0.0,0.0
2025-01-31 15:31:01,Cantor Fitzgerald,Neutral,Neutral,reit,Maintains,22.0,22.0
2025-01-31 15:33:19,Wells Fargo,Equal-Weight,Equal-Weight,main,Lowers,25.0,28.0
2025-01-31 15:57:36,Truist Securities,Hold,Hold,main,Lowers,21.0,22.0
2025-01-31 16:43:53,Stifel,Hold,Hold,main,Lowers,21.0,25.0
2025-01-31 18:47:11,JP Morgan,Underweight,Underweight,main,Lowers,23.0,26.0
2025-02-18 14:04:45,Cantor Fitzgerald,Neutral,Neutral,main,Raises,29.0,22.0
2025-03-13 09:13:59,B of A Securities,Neutral,Underperform,up,Raises,25.0,19.0
2025-04-14 17:31:53,Needham,Hold,Hold,reit,,0.0,0.0
2025-04-14 21:51:53,UBS,Neutral,Neutral,main,Lowers,22.0,23.0
2025-04-16 08:40:25,B of A Securities,Neutral,Neutral,main,Lowers,23.0,25.0
2025-04-16 14:15:11,Susquehanna,Neutral,Neutral,main,Lowers,22.0,24.0
2025-04-22 15:17:08,Barclays,Equal-Weight,Equal-Weight,main,Lowers,19.0,23.0
2025-04-22 17:07:21,Bernstein,Market Perform,Market Perform,main,Lowers,21.0,25.0
2025-04-23 14:42:19,Wedbush,Neutral,Neutral,main,Lowers,19.0,20.0
2025-04-25 11:04:53,Rosenblatt,Sell,Sell,main,Lowers,14.0,18.0
2025-04-25 12:05:52,Benchmark,Hold,Hold,reit,,0.0,0.0
2025-04-25 12:09:54,Needham,Hold,Hold,reit,,0.0,0.0
2025-04-25 15:35:37,UBS,Neutral,Neutral,main,Lowers,21.0,22.0
2025-04-25 15:57:45,Morgan Stanley,Equal-Weight,Equal-Weight,main,Lowers,23.0,25.0
2025-04-25 21:11:25,JP Morgan,Underweight,Underweight,main,Lowers,20.0,23.0
2025-04-30 12:03:43,Rosenblatt,Sell,Sell,main,Maintains,14.0,14.0
2025-04-30 13:02:27,Seaport Global,Sell,,init,Announces,18.0,0.0
2025-07-03 12:54:55,Mizuho,Neutral,Neutral,main,Raises,23.0,22.0
2025-07-07 19:09:04,Citigroup,Neutral,Neutral,main,Raises,24.0,21.0
2025-07-14 13:29:40,UBS,Neutral,Neutral,main,Raises,25.0,21.0
2025-07-21 12:26:11,Stifel,Hold,Hold,main,Raises,24.5,21.0
2025-07-21 22:11:02,Loop Capital,Hold,,init,Announces,25.0,0.0
2025-07-25 10:41:38,Benchmark,Hold,Hold,reit,,0.0,0.0
2025-07-25 10:55:03,Needham,Hold,Hold,reit,,0.0,0.0
2025-07-25 11:19:27,Rosenblatt,Sell,Sell,main,Maintains,14.0,14.0
2025-07-25 21:42:07,JP Morgan,Underweight,Underweight,main,Raises,21.0,20.0
2025-09-19 11:25:24,Benchmark,Buy,Hold,up,Announces,43.0,0.0
2025-09-19 12:27:19,Citigroup,Sell,Neutral,down,Raises,29.0,24.0
2025-09-19 13:24:17,Barclays,Equal-Weight,Equal-Weight,main,Raises,25.0,19.0
2025-09-19 15:10:13,UBS,Neutral,Neutral,main,Raises,35.0,25.0
2025-09-25 12:04:45,Seaport Global,Neutral,Sell,up,,0.0,0.0
2025-09-29 14:23:14,Deutsche Bank,Hold,Hold,main,Raises,30.0,23.0
2025-10-06 16:33:43,UBS,Neutral,Neutral,main,Raises,40.0,35.0
2025-10-08 12:50:28,HSBC,Reduce,Hold,down,Raises,24.0,21.25
2025-10-13 18:10:08,Mizuho,Neutral,Neutral,main,Raises,39.0,23.0
2025-10-13 18:19:55,B of A Securities,Underperform,Neutral,down,Maintains,34.0,34.0
2025-10-16 13:57:01,Wells Fargo,Equal-Weight,Equal-Weight,main,Raises,30.0,22.0
2025-10-20 14:27:23,Morgan Stanley,Equal-Weight,Equal-Weight,main,Raises,36.0,23.0
2025-10-22 13:18:38,Wedbush,Neutral,Neutral,main,Raises,20.0,19.0
2025-10-24 09:48:08,Needham,Hold,Hold,reit,,0.0,0.0
2025-10-24 11:30:08,Rosenblatt,Sell,Sell,main,Raises,25.0,14.0
2025-10-24 12:20:14,JP Morgan,Underweight,Underweight,main,Raises,30.0,21.0
2025-10-24 12:36:52,Wedbush,Neutral,Neutral,main,Raises,30.0,20.0
2025-10-24 12:38:45,Morgan Stanley,Equal-Weight,Equal-Weight,main,Raises,38.0,36.0
2025-10-24 13:15:02,Mizuho,Neutral,Neutral,main,Raises,41.0,39.0
2025-10-24 13:39:42,Cantor Fitzgerald,Neutral,Neutral,main,Raises,45.0,40.0
2025-10-24 14:15:56,Wells Fargo,Equal-Weight,Equal-Weight,main,Raises,45.0,30.0
2025-10-24 15:51:36,TD Cowen,Hold,Hold,main,Raises,38.0,35.0
2025-10-24 18:09:52,Truist Securities,Hold,Hold,main,Raises,39.0,21.0
2025-10-27 15:03:12,Barclays,Equal-Weight,Equal-Weight,main,Raises,35.0,25.0
2025-11-04 16:40:53,Tigress Financial,Buy,Buy,main,Raises,52.0,45.0
2025-12-09 20:42:42,KGI Securities,Outperform,Hold,up,Announces,52.0,0.0
2026-01-05 11:10:48,Melius Research,Buy,Hold,up,Announces,50.0,0.0
2026-01-13 12:30:24,Keybanc,Overweight,Sector Weight,up,Announces,60.0,0.0
2026-01-14 17:41:05,UBS,Neutral,Neutral,main,Raises,49.0,40.0
2026-01-15 10:02:45,RBC Capital,Sector Perform,,init,Announces,50.0,0.0
2026-01-15 19:40:26,Citigroup,Neutral,Sell,up,Raises,50.0,29.0
2026-01-16 14:40:36,Jefferies,Hold,Hold,main,Raises,45.0,40.0
2026-01-20 10:17:26,HSBC,Hold,Reduce,up,Raises,50.0,26.0
2026-01-20 13:14:14,Seaport Global,Buy,Neutral,up,Announces,65.0,0.0
2026-01-20 15:33:57,Wedbush,Neutral,Neutral,reit,Maintains,30.0,30.0
2026-01-20 17:10:52,Susquehanna,Neutral,Neutral,main,Raises,45.0,40.0
2026-01-21 15:29:08,Bernstein,Market Perform,Market Perform,main,Raises,36.0,35.0
2026-01-23 12:00:30,Needham,Hold,Hold,reit,,0.0,0.0
2026-01-23 12:15:28,Benchmark,Buy,Buy,main,Raises,57.0,50.0
2026-01-23 12:38:24,Rosenblatt,Sell,Sell,main,Raises,30.0,25.0
2026-01-23 13:23:12,Keybanc,Overweight,Overweight,main,Raises,65.0,60.0
2026-01-23 13:59:15,Evercore ISI Group,In-Line,In-Line,main,Raises,45.0,41.1
2026-01-23 14:11:35,Wedbush,Neutral,Neutral,reit,Maintains,30.0,30.0
2026-01-23 14:45:19,Stifel,Hold,Hold,main,Raises,42.0,35.0
2026-01-23 15:20:30,RBC Capital,Sector Perform,Sector Perform,main,Lowers,48.0,50.0
2026-01-23 15:26:11,Roth Capital,Neutral,Neutral,main,Raises,50.0,40.0
2026-01-23 17:32:50,Morgan Stanley,Equal-Weight,Equal-Weight,main,Raises,41.0,38.0
2026-01-23 18:36:06,Citigroup,Neutral,Neutral,main,Lowers,48.0,50.0
2026-01-23 19:24:22,UBS,Neutral,Neutral,main,Raises,52.0,49.0
2026-02-13 14:14:17,DA Davidson,Neutral,,init,Announces,45.0,0.0
2026-04-06 12:12:03,Keybanc,Overweight,Overweight,main,Raises,70.0,65.0
2026-04-07 14:17:27,Wells Fargo,Equal-Weight,Equal-Weight,main,Raises,55.0,45.0
2026-04-09 14:16:11,Cantor Fitzgerald,Neutral,Neutral,main,Raises,60.0,45.0
2026-04-10 15:19:07,Benchmark,Buy,Buy,main,Raises,76.0,57.0
2026-04-14 14:48:38,Susquehanna,Neutral,Neutral,main,Raises,65.0,45.0
2026-04-16 11:39:00,Bernstein,Market Perform,Market Perform,main,Raises,60.0,36.0
2026-04-20 12:52:24,Stifel,Hold,Hold,main,Raises,65.0,42.0
2026-04-20 18:59:10,KGI Securities,Neutral,Outperform,down,Announces,71.0,0.0
2026-04-21 16:16:27,HSBC,Buy,Hold,up,Raises,95.0,50.0
2026-04-24 11:57:40,Rosenblatt,Sell,Sell,main,Raises,50.0,30.0
2026-04-24 12:56:01,Stifel,Hold,Hold,main,Raises,75.0,65.0
2026-04-24 13:25:52,Jefferies,Hold,Hold,main,Raises,80.0,60.0
2026-04-24 13:37:47,RBC Capital,Sector Perform,Sector Perform,main,Raises,80.0,48.0
2026-04-24 14:00:19,Citigroup,Buy,Neutral,up,Raises,95.0,48.0
2026-04-24 14:16:48,Benchmark,Buy,Buy,main,Raises,105.0,76.0
2026-04-24 14:29:38,Cantor Fitzgerald,Neutral,Neutral,main,Raises,90.0,65.0
2026-04-24 15:03:56,Keybanc,Overweight,Overweight,main,Raises,110.0,70.0
2026-04-24 15:44:10,Morgan Stanley,Equal-Weight,Equal-Weight,main,Raises,73.0,56.0
2026-04-24 15:51:19,JP Morgan,Underweight,Underweight,main,Raises,45.0,35.0
2026-04-24 16:32:32,TD Cowen,Hold,Hold,main,Raises,75.0,60.0
2026-04-24 20:11:53,UBS,Neutral,Neutral,main,Raises,83.0,65.0
2026-04-24 20:42:28,Wells Fargo,Equal-Weight,Equal-Weight,main,Raises,85.0,55.0
2026-04-27 15:06:27,Barclays,Equal-Weight,Equal-Weight,main,Raises,65.0,45.0
2026-04-28 17:51:47,Freedom Broker,Buy,Hold,up,Announces,100.0,0.0
2026-04-30 23:39:59,Tigress Financial,Buy,Buy,main,Raises,118.0,66.0
2026-05-04 15:36:22,RBC Capital,Sector Perform,Sector Perform,reit,Maintains,80.0,80.0
2026-05-12 12:36:43,Mizuho,Neutral,Neutral,main,Raises,124.0,100.0
2026-05-18 12:15:32,Benchmark,Buy,Buy,main,Raises,140.0,105.0
2026-05-18 17:49:28,Citigroup,Buy,Buy,main,Raises,130.0,95.0
2026-06-01 11:49:09,Mizuho,Neutral,Neutral,main,Raises,128.0,124.0
2026-06-01 15:58:59,Wells Fargo,Equal-Weight,Equal-Weight,main,Raises,110.0,85.0
2026-06-01 18:47:34,Barclays,Equal-Weight,Equal-Weight,main,Raises,100.0,65.0
2026-06-11 10:25:45,B of A Securities,Buy,Underperform,up,Raises,135.0,96.0
2026-06-23 12:42:28,B of A Securities,Buy,Buy,main,Raises,160.0,135.0
2026-06-25 09:19:51,Goldman Sachs,Neutral,Sell,init,Announces,150.0,0.0
2026-06-29 14:18:06,Cantor Fitzgerald,Neutral,Neutral,main,Raises,150.0,90.0
