datetime,open,high,low,close,volume
2022-06-01,108.9212850012238,109.05992190544457,105.85281968390491,106.36115264892578,4890200
2022-06-02,106.55524159410297,108.6994702871131,104.65131639854286,108.60704803466797,3856600
2022-06-03,107.93233955523843,108.6440056235975,107.51643594225511,107.73825073242188,3778200
2022-06-06,108.48689093479122,109.27249769577044,107.24841725986083,107.59962463378906,4205600
2022-06-07,107.303854058129,108.34824579476897,106.4905284931561,108.0247573852539,3285600
2022-06-08,106.97113074155716,107.35007109194184,105.67719822879312,106.00068664550781,3683400
2022-06-09,105.95449240606459,106.69388457043645,104.1429893598564,104.17071533203125,3424700
2022-06-10,102.41465803089666,103.03390192790522,100.83421425029998,101.32405853271484,4805600
2022-06-13,99.52179809611899,99.90997577862319,97.35908076963068,97.88590240478516,5215300
2022-06-14,97.13725445503701,97.41452822477034,94.22590807829661,95.14090728759766,5890100
2022-06-15,96.41635633563688,98.04301463332376,94.88212733377541,96.85999298095703,5278100
2022-06-16,94.64182991161921,94.96531131360653,93.56971206347187,94.33683013916016,4793600
2022-06-17,93.56972714750692,95.83411142918273,93.56972714750692,94.76199340820312,10249200
2022-06-21,96.91544586615315,96.99862377157203,95.50136506310966,96.49954223632812,5338300
2022-06-22,95.7047009905914,98.50513670887447,95.46439750462805,97.45150756835938,5511600
2022-06-23,97.9228511455433,98.6899691077326,97.10952559068717,98.16315460205078,5064800
2022-06-24,98.89331513059892,101.33329916410446,98.36650055635036,101.1576919555664,14301600
2022-06-27,101.57361631638098,101.75846083870262,100.09483898370821,100.81574249267578,3804100
2022-06-28,100.97284354242406,101.60132468131023,98.80088905041157,98.86558532714844,4185500
2022-06-29,99.31846577278701,101.36102784517776,98.65301428196244,100.83421325683594,4552100
2022-06-30,99.89149747144347,100.81573410892604,99.22604596423749,100.4183120727539,6070900
2022-07-01,100.01163679760893,102.10041338685977,99.49406658310494,101.86935424804688,3291700
2022-07-05,100.50148096208991,101.1946583779659,99.07815582199406,101.01905822753906,4752300
2022-07-06,100.58466904680277,101.20390586524871,99.93769920771246,100.45527648925781,3975300
2022-07-07,100.26118254751047,101.31481163464754,100.00239039423306,101.19465637207031,4149000
2022-07-08,100.49224194440193,101.59207863040565,100.3258790853996,100.98208618164062,3115500
2022-07-11,100.37209961246784,101.11149175914865,99.89149965308157,100.64012908935547,4041100
2022-07-12,100.27967024250202,102.00799520821465,99.54027814827835,100.0948257446289,5756300
2022-07-13,98.74542103947867,98.86557629341475,97.67331040132126,98.16315460205078,5087700
2022-07-14,97.13269343909518,98.33025882907206,96.32503816594622,98.13530731201172,4993600
2022-07-15,99.7134911800131,101.17099183530543,99.57423808143982,101.02245330810547,4617900
2022-07-18,100.78109202770587,101.15243130089502,99.05437042767768,99.3514404296875,4499900
2022-07-19,100.6604156949212,102.1179165846852,100.22409255446246,102.05293273925781,5788400
2022-07-20,99.32357913031639,101.02245131747937,99.22146066555533,100.4747314453125,7300200
2022-07-21,100.83679554085015,102.78631783339777,100.64184401986613,102.75846862792969,5698000
2022-07-22,103.97459663068602,103.97459663068602,100.56757360165525,101.37522888183594,4733900
2022-07-25,101.2731074792406,101.49591527941254,99.76919378296897,100.72538757324219,3905600
2022-07-26,100.9203410363407,102.0065025230141,100.53972343176343,101.27310943603516,4824000
2022-07-27,101.54233650929245,102.71205276575857,100.83679966621179,102.10862731933594,3303500
2022-07-28,102.2107311007316,103.37116176055532,100.76251590373775,102.45210266113281,4736100
2022-07-29,101.9600972102833,101.99723184715548,100.7810955083915,101.04103088378906,4922900
2022-08-01,100.61399746903386,102.02508539944515,100.36334751285595,101.67230987548828,3871900
2022-08-02,101.76514280942415,102.95342282499911,100.76252889026745,100.85536193847656,3093800
2022-08-03,101.29168704214541,102.09006402127193,100.51187383994169,101.755859375,3866200
2022-08-04,102.49853891268125,102.69349044440405,101.72801113298559,101.85797882080078,2794000
2022-08-05,100.95748141919448,101.48663759022126,100.6232767761557,101.4216537475586,2789600
2022-08-08,101.92296837922186,102.09935614373535,100.80895045772195,101.1895751953125,2283800
2022-08-09,100.34477621749417,101.0039071938077,99.84347630731041,100.17768096923828,3943500
2022-08-10,101.89511771617138,102.47068690549102,101.37523986047573,102.36856842041016,3960900
2022-08-11,102.89771889765336,104.09528436110756,102.47996663299367,102.57279968261719,3281400
2022-08-12,102.91629840645372,103.53828768218276,102.52639531564223,103.49187469482422,2813300
2022-08-15,103.33404783813249,104.26239255203599,103.0648270211755,103.88177490234375,2949500
2022-08-16,103.47330046396806,104.46662901975776,103.44545125591823,104.00245666503906,2897400
2022-08-17,103.63110100777998,104.09527328923458,102.46139195806337,102.62849426269531,3053500
2022-08-18,102.98126780425531,102.98126780425531,100.99461090675193,102.08077239990234,4143600
2022-08-19,102.5635323138343,102.86060235405222,101.56091827208313,102.17362213134766,5092700
2022-08-22,101.16172112258832,101.47735491474302,99.23076248433468,99.7506332397461,3496800
2022-08-23,99.16577525963564,99.21219532523268,97.95892438118817,98.413818359375,4203000
2022-08-24,98.31170415062014,98.56235410068949,97.5875964251888,97.8846664428711,4278200
2022-08-25,97.69898092178175,98.3673901478651,97.0584279823744,98.30240631103516,5249200
2022-08-26,98.34883319391999,98.68303783014093,94.34766298880476,94.59832000732422,5440700
2022-08-29,94.22699161365895,95.25745484718361,93.95777078769493,94.5426254272461,4229900
2022-08-30,95.09033817143509,95.35955895680424,94.54261117148897,94.87681579589844,4629700
2022-08-31,95.59164855323809,96.59426246260139,95.24815848724117,95.2945785522461,7600700
2022-09-01,95.02535370920825,97.38334984031896,94.71899829172413,97.32764434814453,4397900
2022-09-02,97.89394858293235,98.07962177786976,94.67259833123535,95.15533447265625,4103200
2022-09-06,95.15532922980701,96.48286239895556,94.91395763104151,95.35028076171875,4670400
2022-09-07,95.50809820603806,97.44834227181877,95.37813051734935,97.19768524169922,5100800
2022-09-08,96.20436190681555,99.86204241277814,96.1672272676571,99.32360076904297,8700700
2022-09-09,99.45356191547732,101.25455284116707,99.3607288650486,100.70683288574219,5781200
2022-09-12,100.98532066993438,101.81154676635164,100.73467075371967,101.45877838134766,4358100
2022-09-13,99.53711688464645,99.8713215332488,98.0146321888837,98.25599670410156,5300800
2022-09-14,98.33955524682888,99.13793226269152,97.48547981492729,98.20030212402344,3264200
2022-09-15,98.46023555918067,99.40715110933795,97.34622476421578,97.53189086914062,4237000
2022-09-16,97.281252433758,97.47620399181659,96.00013915964071,96.54785919189453,8898200
2022-09-19,95.8515797406255,96.64995666149812,94.92323514265334,96.63138580322266,3816000
2022-09-20,95.42455910342227,95.64735986353503,93.97634353862664,94.97895050048828,4617100
2022-09-21,95.49881532580017,96.47357294469737,93.41003989325368,93.4378890991211,4720500
2022-09-22,92.88088847467128,94.53334087908948,92.69521528823181,93.82779693603516,5567500
2022-09-23,93.19650799269567,93.66068026363557,91.72972191667598,93.46572875976562,6214600
2022-09-26,93.00155390441283,93.43787696020446,92.14747864946688,92.6859130859375,6037800
2022-09-27,93.06654621513604,93.51215473983909,90.89422324931513,91.28412628173828,6377800
2022-09-28,91.04275379824772,92.15676447488104,90.57858150253263,91.64617919921875,7206900
2022-09-29,91.7668724148217,92.07322786646068,90.56002855133802,91.24700164794922,6698800
2022-09-30,91.63689885941535,92.37029197730074,89.74307493779504,89.82662963867188,6728400
2022-10-03,90.7921156549052,93.01085894968072,90.42077635361176,92.38886260986328,4817600
2022-10-04,93.52143367080497,95.81444598197429,93.33576758259748,95.69376373291016,5710800
2022-10-05,94.84896343673884,96.51070107431656,94.61687729321191,95.97225952148438,3803400
2022-10-06,95.48953432532936,95.81445354669903,94.57975342278647,95.1089096069336,6348100
2022-10-07,95.15533208028081,97.5597414619266,93.79994966350128,94.49620819091797,8485900
2022-10-10,94.80255011127647,94.98821619233684,93.13152705090515,93.88348388671875,4044600
2022-10-11,93.62355669537565,95.38741294992057,92.91801277701617,94.45906829833984,5304800
2022-10-12,93.99488332012217,94.60759410738956,92.89015106698004,92.90872192382812,4106200
2022-10-13,91.34175243795546,96.14528723797591,91.1085712060722,95.57632446289062,6250900
2022-10-14,96.23856713344139,96.92878165059928,94.00935492148885,94.12128448486328,6087200
2022-10-17,95.24986261709627,96.95674365518992,95.01668140857862,96.55567169189453,7315800
2022-10-18,98.69162148512513,99.493765485429,97.6189935202753,97.91746520996094,8943900
2022-10-19,94.20521803613428,94.36377956654258,89.84006507417132,91.5096435546875,18525200
2022-10-20,90.02661603742743,91.16454170341764,88.61820637711371,88.80474853515625,12651200
2022-10-21,88.00259919633993,89.09388569965013,86.97660315606214,88.66483306884766,9859000
2022-10-24,89.58822666380695,91.86407050900938,89.44831650999762,91.67752838134766,8118000
2022-10-25,91.4723421615375,92.24650563376339,91.08992860483241,91.36041259765625,7114400
2022-10-26,91.49098902959253,92.82478602334992,91.29511763953224,91.79878997802734,8290100
2022-10-27,92.03197423997729,92.03197423997729,90.2597953129421,90.4090347290039,6610000
2022-10-28,90.7727873722535,93.2911417665924,90.6608578219685,92.79679870605469,5768100
2022-10-31,92.46101874297361,92.8061295251238,91.54695230655092,92.28380584716797,5885600
2022-11-01,92.91807111035402,93.57097579235102,92.00399743943088,92.62892150878906,5249400
2022-11-02,92.08793366251746,94.41974594174926,91.42569271302445,91.44435119628906,5196700
2022-11-03,90.29710818033877,90.48365745664151,88.93533048590146,89.9613265991211,4873400
2022-11-04,91.24849143004839,91.62158286542626,89.68151309436314,91.47234344482422,4902800
2022-11-07,92.13456637519717,93.30980176584335,91.52829375452346,92.8061294555664,4903700
2022-11-08,93.17921700446426,93.51499853080385,92.29312409813016,92.93670654296875,5708200
2022-11-09,93.18855987306931,94.45705934947291,92.57295794604977,92.76882934570312,5339600
2022-11-10,96.09865180010532,97.41379741368704,95.26852715231858,97.21792602539062,5907400
2022-11-11,97.60032756285172,98.78489210529638,96.93809377445291,97.08732604980469,7106900
2022-11-14,96.69558985514585,97.29253322914049,95.12861171937831,95.14727020263672,5661600
2022-11-15,96.49039827078136,97.45111099700613,95.49238280679967,96.20125579833984,5262900
2022-11-16,97.22725501447314,98.21594838401725,96.31318847123454,96.63964080810547,3292800
2022-11-17,95.76287864453369,96.15462145549051,94.71823114864877,95.6602783203125,3332900
2022-11-18,96.55568929832228,97.18062045935811,96.0147142041729,96.88214874267578,3931800
2022-11-21,96.75155356688092,97.84283995319625,96.69558523590572,96.8914566040039,4148800
2022-11-22,96.9847480658277,97.93612442918679,95.94942275257186,97.81487274169922,4511700
2022-11-23,97.90815511936937,99.30724277271017,97.37650209574498,98.88751220703125,4617500
2022-11-25,99.49376064148113,100.12801384069971,99.34452836196702,99.76425170898438,2558100
2022-11-28,99.5404145867583,100.50112021215494,98.05737811479608,98.29988861083984,4149700
2022-11-29,97.93612670898438,98.2905596533635,97.45111283161677,97.93612670898438,4832300
2022-11-30,98.05736432412657,100.45446698723046,96.48106411184887,100.34254455566406,12737300
2022-12-01,100.95814881134191,101.34056946497617,100.12802415691223,100.66900634765625,5076200
2022-12-02,99.56838927658175,100.8648763990429,99.05538770317914,100.8182373046875,4944100
2022-12-05,99.69898692374336,99.85754848534424,97.99209825626698,98.31855773925781,4687100
2022-12-06,97.92680238205246,98.31855231681016,96.19193319540159,96.8728256225586,4175700
2022-12-07,97.02205748244673,98.39316445742308,97.02205748244673,97.7589111328125,3592400
2022-12-08,97.6190057689227,99.88552077690383,97.21793371844666,99.72695922851562,4607700
2022-12-09,99.54973551541589,101.18200415284267,99.28856655588132,100.27725982666016,5346400
2022-12-12,100.48246314784852,102.2173250279233,100.48246314784852,102.12405395507812,4752500
2022-12-13,104.76368628699102,105.11811927448356,103.58845063101131,104.0268325805664,6246000
2022-12-14,103.8775865871458,105.31398395180229,103.09409388091179,103.77498626708984,5614900
2022-12-15,102.45983281882293,102.5997429824789,101.1167137496547,101.21930694580078,4947800
2022-12-16,100.45447493218029,100.5943850988299,98.66364472421995,99.7176284790039,7976100
2022-12-19,99.55906147511637,99.96946273977701,98.71028545135442,99.41915130615234,4352000
2022-12-20,99.43781151834916,99.79224445190641,98.51441577294548,99.32588195800781,3673000
2022-12-21,99.88552685751858,101.09807232564525,99.85754624329111,100.8648910522461,3228600
2022-12-22,100.4638039950066,100.88353449420654,99.07404580532057,100.76227569580078,3311100
2022-12-23,100.42650701124093,101.10739944636745,99.89485400369792,100.9021987915039,2618400
2022-12-27,101.06076765305406,101.71367952174704,100.15602312726553,101.2659683227539,2927400
2022-12-28,101.68566718085982,102.69301179770935,100.49178042731654,100.57572937011719,3265200
2022-12-29,101.4338443953447,103.30862364978803,101.16335328968853,102.8888931274414,3047800
2022-12-30,102.41319887060418,102.7116705598,101.34989303308613,102.40386962890625,3471000
2023-01-03,103.07545004642138,103.84028432339245,101.43385192165633,102.20801544189453,4171900
2023-01-04,103.54179800661126,104.40923248901427,102.9261961279455,103.72834014892578,4395500
2023-01-05,103.62573758483502,104.19470035749973,102.9355231339124,103.3459243774414,4896900
2023-01-06,104.46520926872597,105.15542383745003,102.79563051665656,104.77301025390625,3800400
2023-01-09,105.88293114148426,106.02284130449891,104.48384374359077,104.6051025390625,7277700
2023-01-10,104.93156513428974,106.4052723791574,104.76367434542979,106.19074249267578,5591700
2023-01-11,107.14211454540289,107.90694869817882,104.59577237264955,105.53782653808594,5350300
2023-01-12,104.92881384258324,105.30359450555596,103.8981723806682,104.33853912353516,4697700
2023-01-13,104.25422014090786,106.70902692937348,104.1792697197568,106.35298919677734,5348700
2023-01-17,106.34359677206432,107.0744150598903,105.93133736935391,106.24053192138672,5711000
2023-01-18,106.07189678899101,106.418570170004,104.17926471434915,104.47908782958984,4288500
2023-01-19,104.05744676243759,105.23800329128306,103.61708004105536,104.75079345703125,6157700
2023-01-20,105.1255791389688,105.91261929887736,104.61026194759319,105.70648956298828,5078300
2023-01-23,105.34106212016445,107.4679308984332,105.33169063878823,106.82144165039062,6115300
2023-01-24,105.7439632657349,106.49352460597997,105.20053165147458,105.43476867675781,4662000
2023-01-25,103.06428789018511,105.16304956932095,102.68013574956993,104.00123596191406,6070800
2023-01-26,104.23547681174423,104.58215018443306,103.16735654257478,104.06682586669922,4159500
2023-01-27,103.6732857213871,104.24482450760581,102.88624577464942,103.01741790771484,4860600
2023-01-30,102.88626861572266,103.69204455392084,102.70825333752542,102.88626861572266,4434800
2023-01-31,102.86752261520542,103.68266995524574,102.00553216379132,103.57960510253906,5698300
2023-02-01,103.79511197319422,105.02251172745618,102.75509898428555,104.76953887939453,4532300
2023-02-02,104.2635986418121,105.28487593701051,103.8981894013474,105.17243957519531,5051800
2023-02-03,104.76016800724719,105.24738503736067,103.68268337766496,104.7414321899414,3754500
2023-02-06,104.53528773318187,104.64772406621978,103.49527488470564,103.7669906616211,4145600
2023-02-07,103.10176428143843,105.32233373337836,102.95184916222982,104.9288101196289,3401600
2023-02-08,104.37602048349424,104.81638723724137,102.83005467825208,103.25167846679688,4222300
2023-02-09,103.71078024003836,104.25420466737735,100.73128520399914,101.25597381591797,3912700
2023-02-10,101.43401015912032,102.03365641175701,101.0030148618094,101.34031677246094,4186300
2023-02-13,101.49021791461587,102.25851507074672,100.97489360023377,101.67760467529297,3711000
2023-02-14,101.36840937576568,101.50894586120414,99.65379276995482,100.4970474243164,4244000
2023-02-15,100.02858297111881,100.54390014645381,99.57884472969222,100.51579284667969,4060300
2023-02-16,99.10098261664392,100.61884088574944,99.00728925028211,99.39144134521484,3299000
2023-02-17,98.88549947276695,100.215964007242,98.83864921025662,100.00983428955078,3564100
2023-02-21,99.17595271387945,99.44766851454008,96.8335825168188,97.11466979980469,5204300
2023-02-22,96.73050415517423,97.30204297535253,94.16326877905321,96.2151870727539,8900900
2023-02-23,96.73051947704921,97.2364723069395,95.25014691738504,96.08403015136719,4611100
2023-02-24,95.05338536725834,95.38132293294734,93.59174856519273,94.12580871582031,5476800
2023-02-27,94.8940949740979,94.92220227115571,93.3762437462068,93.47930145263672,4489800
2023-02-28,93.54489888824335,95.96222680561127,93.40436238588813,95.30636596679688,7877000
2023-03-01,94.35065770411552,94.96904679541957,94.06020612093401,94.47246551513672,3963500
2023-03-02,93.94778322632244,96.48691887826203,93.94778322632244,96.15898132324219,5209900
2023-03-03,96.4119544962915,97.92044140865737,96.28078234289849,97.86421966552734,4982400
2023-03-06,97.92044634118714,98.00476823761038,96.15897936687166,96.27141571044922,5005100
2023-03-07,96.37447118553638,96.59933670244479,93.52614842742811,93.67606353759766,6349000
2023-03-08,93.61985453094807,93.9477849436155,93.00147248825334,93.13264465332031,6252600
2023-03-09,93.59174142204358,93.66669898267138,91.35243612379969,91.68036651611328,5146000
2023-03-10,91.59604261641769,92.19568879161959,90.47170067665444,90.84648132324219,7042400
2023-03-13,90.50918075893117,92.94524427429668,90.31242252501838,91.99893188476562,6553000
2023-03-14,93.0201954476789,93.2263251495338,91.20251405679016,92.33622741699219,5093900
2023-03-15,91.35243475970763,91.76469418865815,90.60287346131508,91.6335220336914,5712100
2023-03-16,90.94018362692381,93.02020962878788,90.88396902633731,92.78597259521484,5289100
2023-03-17,92.7672529178552,92.94526823346666,90.42488217458893,90.89335632324219,10848100
2023-03-20,91.1275730329755,92.00829937474788,91.05261547033844,91.69911193847656,6075700
2023-03-21,91.98018894477049,92.20506162502686,91.1556772288696,92.1301040649414,4475000
2023-03-22,92.39245151208858,93.04831231422601,90.73404939356787,90.75279235839844,3606700
2023-03-23,90.79027558705333,91.64289467159732,90.35928030334416,90.92144775390625,4525000
2023-03-24,90.92144016696206,91.89586700252049,90.7059389689165,91.86775970458984,5269100
2023-03-27,92.75788318471666,93.20762152118857,92.07390776949548,92.2519302368164,4627700
2023-03-28,91.91459893414708,92.04577108451113,90.51854839193182,90.98702239990234,4815400
2023-03-29,91.8302784514255,92.51424651047202,91.11819594685913,92.40181732177734,6780200
2023-03-30,93.11389721140443,93.20759773767354,92.29875696029687,92.83281707763672,5199300
2023-03-31,93.61984451661306,95.01590221432299,93.44182925354805,94.87535858154297,6442400
2023-04-03,94.44437233743375,95.25014828381698,93.73228977237132,95.18455505371094,5432400
2023-04-04,95.47500553751918,96.82420583773607,95.40941946145549,96.3182601928711,7979000
2023-04-05,96.15897883908822,97.71431608248143,96.03717816214099,97.63935852050781,7298300
2023-04-06,97.90170539049768,98.89487524166495,97.61125376571358,98.31396484375,5065000
2023-04-10,97.83611036984381,98.29522004568832,96.56186049289848,97.16150665283203,4900200
2023-04-11,97.6299856614844,98.09845969469373,96.59934421809318,96.7773666381836,4658000
2023-04-12,96.87106772043921,97.29269152452568,95.8591620126153,96.09339904785156,4560700
2023-04-13,96.75254451830105,97.65650903565354,95.85799831852438,97.56234741210938,4778700
2023-04-14,97.56234510104237,98.25914971964889,97.42109907703627,97.89191436767578,5043700
2023-04-17,97.9295752554172,98.72995977020982,97.9295752554172,98.41921997070312,4806400
2023-04-18,99.28552794659728,99.53034671818983,97.86366379803142,98.0708236694336,6552100
2023-04-19,102.16692162528048,106.12176733069501,101.83735234717452,105.73570251464844,12425400
2023-04-20,105.69802736764451,105.73569345106671,103.57935866762492,103.90892791748047,7413200
2023-04-21,104.40799344530151,105.57562050707456,104.40799344530151,105.14247131347656,6301100
2023-04-24,105.22720865267313,105.22720865267313,103.711182968947,103.95600891113281,5341900
2023-04-25,103.94659240773,104.07842010565172,103.2686172846636,103.55110931396484,5636700
2023-04-26,102.93904231096693,103.03320392080336,101.95032744750851,102.40231323242188,4240000
2023-04-27,102.36465441260314,103.14620947941646,101.38535779588601,103.1085433959961,4257200
2023-04-28,103.05205613161172,104.3797515543752,102.98614227635497,104.02193450927734,4835900
2023-05-01,104.01249627972109,105.05770663017917,103.51343330202077,104.62455749511719,3722900
2023-05-02,104.57749388982113,105.40613342951482,103.98426918814432,104.99181365966797,4998000
2023-05-03,105.28370288548801,106.35716107035637,104.92588588522206,105.23662567138672,5602000
2023-05-04,104.94471871541091,104.98238479834787,104.1066681262582,104.38916015625,4070700
2023-05-05,104.86939566883365,105.22721268723164,104.56807418384825,104.76581573486328,4025000
2023-05-08,104.01251434699572,105.06714319647136,103.85243887050703,104.42683410644531,2445500
2023-05-09,103.70177530140306,104.54924427747912,102.91080904644629,103.81477355957031,3274300
2023-05-10,104.42681409517097,104.49272793662769,103.23093944922334,104.22907257080078,3129100
2023-05-11,103.63584545818038,104.02191739263627,102.88254540549636,103.62643432617188,3879400
2023-05-12,103.35336995530784,104.09725894308491,103.08971455388223,104.04075622558594,3325000
2023-05-15,104.18201067376944,104.50216881860165,103.14621843403506,103.42870330810547,3020000
2023-05-16,103.14619747742421,104.0124957430786,102.88254210823114,103.00495147705078,3393800
2023-05-17,103.36278500272027,103.5605337453495,101.66785427904908,102.4682388305664,3801000
2023-05-18,102.38349784144586,102.48707059763736,101.57369495433912,102.138671875,3481600
2023-05-19,102.61889989157189,103.56053043598904,102.07275245163292,102.57181549072266,4487700
2023-05-22,102.33642002429994,102.93906306966657,101.76202474917365,101.9315185546875,2809500
2023-05-23,101.03694142424344,101.20643517795394,99.36083333351971,99.5679931640625,4337800
2023-05-24,99.48327282714966,99.48327282714966,97.92016260635859,97.96724700927734,4507600
2023-05-25,97.24217861206112,97.48700455369669,95.42483145898714,96.17813873291016,6734500
2023-05-26,96.18754923733904,97.4116644779561,96.07455100020685,96.86552429199219,4911800
2023-05-30,96.28172047761466,96.53595755651553,95.64141143793127,95.77323913574219,5168700
2023-05-31,95.57549517762428,96.30054749729106,94.52086643767474,96.04631042480469,7063400
2023-06-01,95.96156331821325,96.89377545907433,95.0199328612428,96.81844329833984,4603900
2023-06-02,97.27983888375039,98.40038141116273,96.84668974154086,98.11788940429688,6024300
2023-06-05,97.98607525489105,98.88062861084694,97.30810009199807,97.7035903930664,3565900
2023-06-06,97.80716510805166,97.9672405729447,96.2534733067343,96.630126953125,4044300
2023-06-07,96.44179213508382,96.50770598138774,95.34008619654509,95.72615814208984,6231200
2023-06-08,95.34008946332001,95.4624988437729,94.69978042696896,94.89752197265625,5159000
2023-06-09,95.07643466680842,96.02748350267754,94.67153325621629,95.75440979003906,4276000
2023-06-12,95.89562806724555,95.9615490861642,94.90692054450386,95.48131561279297,3629100
2023-06-13,95.56607624974927,96.11222365716145,95.04818379160639,95.91448211669922,4642200
2023-06-14,97.27984605681323,98.07081942391902,96.81844911670942,97.22335052490234,5020600
2023-06-15,97.23278043704711,99.17253722739993,97.09153440635497,98.89004516601562,6378600
2023-06-16,99.28552563587061,100.34956555122474,99.21961178596499,100.00115966796875,10020900
2023-06-20,99.05953892508664,101.38536771943187,98.77705404789064,100.47198486328125,6573100
2023-06-21,100.39664653301404,100.52847422833663,99.44559771612616,100.0482406616211,4428600
2023-06-22,100.4625770296153,102.03509850161663,100.22716936551672,101.9315185546875,5480300
2023-06-23,101.88441815031342,102.16691017650345,101.10287028811959,101.74317932128906,5647000
2023-06-26,101.79027380285133,102.83548441935348,100.56615824454731,102.17634582519531,6134700
2023-06-27,102.53415186707336,102.58123626905234,100.53789247874501,101.49835968017578,4849700
2023-06-28,101.6584419643876,101.83735408301106,101.09346502313703,101.32887268066406,3900000
2023-06-29,100.78270663000811,101.56426163323711,100.72621110150922,101.37593841552734,3417400
2023-06-30,101.69608765728104,102.95786900023067,101.41359565127165,102.65654754638672,4449200
2023-07-03,101.93151012129327,102.14808831533676,100.78271966608689,100.96163177490234,2268000
2023-07-05,100.49079829503306,101.53600862267841,100.23655406178426,101.10285949707031,4968600
2023-07-06,100.51905631717445,101.1781947964457,99.94466113492209,100.94278717041016,5325000
2023-07-07,100.09532543417505,101.63018056920494,99.87874725729569,100.14240264892578,5053700
2023-07-10,100.3589800083473,101.4606859647153,100.08590630236307,100.7732925415039,5259500
2023-07-11,100.77331773772954,101.39479746895809,100.53791005482279,101.22530364990234,3899700
2023-07-12,101.75260000442462,101.8938460307771,100.43432291599171,100.61322784423828,4845300
2023-07-13,100.9443709548578,101.98513064630536,100.71729060075937,101.93782043457031,4936800
2023-07-14,102.18382945839781,102.62851950081972,101.40798956051026,102.11759948730469,4016000
2023-07-17,101.74859851933569,101.90944169670023,100.96329516840274,101.23767852783203,4580800
2023-07-18,101.0579010960137,101.41744137071693,100.25367804861244,101.19036102294922,3913900
2023-07-19,101.30391171250723,102.2689780258608,101.29444822573674,101.50260162353516,6225900
2023-07-20,102.27842682054411,106.50770248375215,101.97566025410877,105.80755615234375,8768600
2023-07-21,106.77263276811793,108.60815931704404,106.28063975649626,108.13508605957031,7062700
2023-07-24,107.70931108840749,109.59214776818614,107.08485816947203,108.44731140136719,5665900
2023-07-25,107.01863430040562,107.38763086863963,106.45094782762445,106.84832763671875,4732500
2023-07-26,106.4414805452449,108.14454712137876,106.32794036732767,107.93639373779297,3682500
2023-07-27,108.2959351460154,108.41893160100334,106.45095222856916,106.58341217041016,4762900
2023-07-28,107.08485113249188,107.40653744748074,106.27116464119456,106.65908813476562,3409200
2023-07-31,106.77263510244418,106.81048183009253,104.73841860712886,105.3344955444336,3930800
2023-08-01,104.74787470734489,105.2587946667819,104.35995840872262,104.57756805419922,3733700
2023-08-02,104.09503079333761,104.26533744559893,102.24058459011685,102.77043151855469,4699400
2023-08-03,101.90943936509082,102.47712582537606,101.3701361450411,101.74859619140625,4947700
2023-08-04,101.54045390721683,102.92182709174008,101.50260717658972,101.8526840209961,3231100
2023-08-07,102.17435448702801,102.74204092094999,101.8337411829699,102.60958099365234,3632500
2023-08-08,101.80535476981467,101.80535476981467,98.08699899855388,99.8941421508789,7544300
2023-08-09,99.81846073600687,101.14306734587696,99.51569412962445,99.62923431396484,5135200
2023-08-10,99.79953408710894,101.23767356344813,98.98584753519177,99.09938049316406,4708200
2023-08-11,98.60739844828582,99.73331519670042,98.10594191215932,99.6386947631836,3478600
2023-08-14,99.47784673237258,100.49968672898682,99.47784673237258,100.38614654541016,3076100
2023-08-15,100.43345643972967,100.43345643972967,98.91962342282578,99.28861999511719,3150600
2023-08-16,98.83446583230517,99.704918908998,98.81554607782279,98.90069580078125,4086400
2023-08-17,99.53460829376472,100.20637865689014,98.85338888156093,99.2791519165039,4175200
2023-08-18,98.92907814240951,99.40215140394517,97.71801174784223,98.1248550415039,4809700
2023-08-21,98.19108055095009,98.78715745327585,97.79370076174945,98.27623748779297,2954700
2023-08-22,98.28568706775005,99.84683009741555,98.13430739486529,99.48729705810547,4840100
2023-08-23,100.00768703157809,100.39561058035656,99.15616091494051,99.4683837890625,3403300
2023-08-24,99.26023792960648,100.14961077715103,98.0491642832139,98.16270446777344,3529500
2023-08-25,98.41815313865752,99.1372264807371,97.72747025438447,98.5979232788086,3000800
2023-08-28,99.41160728382826,99.55353069513464,96.40286128193632,97.25439453125,5862500
2023-08-29,97.6801605854672,98.34246745265975,97.4341676979762,98.27623748779297,4515600
2023-08-30,98.47493269304093,99.42107922417654,98.47493269304093,98.78716278076172,3711300
2023-08-31,98.89121966748701,98.94799336072394,97.32062037940092,97.35846710205078,4042300
2023-09-01,97.83154831181436,98.20054486468598,97.03678150818907,97.31116485595703,2641100
2023-09-05,97.24493004775556,97.31116000988236,95.43779409913888,95.44725036621094,4284000
2023-09-06,95.57026095785551,96.56371046184101,94.3970340885893,96.09063720703125,5094400
2023-09-07,96.49747875526973,96.77186210433587,95.09718598865105,95.24856567382812,3863200
2023-09-08,95.18233233899996,95.39048571495988,94.46325900891789,95.30533599853516,3521300
2023-09-11,95.37156524000686,97.57608098688009,95.1350286270292,96.93270111083984,4891100
2023-09-12,96.85702325309379,97.37739951551129,96.12848637977402,96.88540649414062,3531400
2023-09-13,96.57318417172281,97.86940762579364,96.56372068443778,97.15979766845703,3192500
2023-09-14,97.66123616253496,98.03969618018897,96.99892932700934,97.12193298339844,4086600
2023-09-15,97.31117143137466,97.34901815967842,96.01495527496583,96.26094818115234,8303300
2023-09-18,96.57316742378222,96.57316742378222,95.32425440420019,95.560791015625,3652600
2023-09-19,95.92032881732457,96.46909551545683,94.74710918773394,95.24856567382812,4090800
2023-09-20,95.7405667885074,95.89194647510145,94.87010652112303,94.87957000732422,3966000
2023-09-21,94.61465619563825,94.80388262061936,93.52658620568333,93.60227966308594,3943700
2023-09-22,93.5738905778383,93.6022738179605,92.74127703545415,92.8642807006836,4357800
2023-09-25,92.6939670757497,92.92104019818835,91.92759077594151,92.22089385986328,4096300
2023-09-26,91.82352358131944,92.2776698731347,90.85845007879298,91.04768371582031,3967700
2023-09-27,91.38828126462693,91.71943829377233,89.65683876380191,90.38536834716797,5391000
2023-09-28,91.09498599861952,92.98727904293992,90.94360630870695,92.83589935302734,6092800
2023-09-29,93.1481178946121,93.2048915919029,91.28421539605424,91.63428497314453,5150500
2023-10-02,90.60299872101389,90.72599517801487,89.43923524890621,90.57461547851562,4349200
2023-10-03,90.37590695708519,90.99090360165489,89.4865341905852,90.6313705444336,4597500
2023-10-04,90.72598977095518,91.15175282010574,89.72307676365156,90.49891662597656,4336100
2023-10-05,90.6029951675796,91.48291174314336,89.97853498300682,91.01929473876953,5708300
2023-10-06,90.65028989872599,92.25874320964152,90.30967659610974,91.66266632080078,4790500
2023-10-09,91.21798348417346,91.78566991529033,90.63137008152208,91.54913330078125,3958300
2023-10-10,91.60589917904696,93.18596202118488,91.38828231897142,92.30604553222656,4352200
2023-10-11,91.92759470261784,91.92759470261784,87.09278565225834,87.65100860595703,9269300
2023-10-12,87.76518496057652,88.55483552122836,85.31061219200048,85.80533599853516,7387000
2023-10-13,85.5104026264175,87.20387246771767,85.44380602794111,86.45227813720703,5623600
2023-10-16,86.67108141331053,88.3455192946697,86.45226715688752,87.69857788085938,6452300
2023-10-17,87.47975717557982,88.48822916609295,86.82330714175143,87.6605224609375,8288600
2023-10-18,91.33286451996129,91.80855652266942,87.19434554809733,90.91425323486328,16482600
2023-10-19,91.84662330840821,91.84662330840821,89.20177663077733,90.80010223388672,8537800
2023-10-20,90.6193346739037,93.37834998968796,90.6193346739037,92.074951171875,11517800
2023-10-23,92.17008670614359,93.378348547891,91.00940423009321,91.12356567382812,6178800
2023-10-24,90.76204211884122,91.17113756103461,89.75357006454797,90.20072174072266,6677000
2023-10-25,89.9628718839222,90.03898434863746,88.27892533838126,89.02100372314453,8157700
2023-10-26,88.5357854236079,90.143626573867,88.52627681049964,89.41106414794922,6838100
2023-10-27,90.14363728206204,90.68592589146702,87.8888545069129,88.33600616455078,5934100
2023-10-30,88.982946359237,89.2873889557424,87.18483113948886,88.47871398925781,7168900
2023-10-31,89.33496044985526,90.28634446474513,88.59288207959861,89.95336151123047,7452300
2023-11-01,90.23878914435367,91.32336654237277,89.96288685770175,90.3910140991211,6985000
2023-11-02,90.36246273373219,91.49460484842179,89.84871446166541,91.29481506347656,4683100
2023-11-03,92.28425012378662,92.44598366547254,91.00939901852006,91.1806411743164,5652600
2023-11-06,90.9047567911728,91.15211143958824,89.82017946047463,90.3814926147461,6137400
2023-11-07,90.31488519513209,90.8000930770962,89.90578977670823,90.19120788574219,4466500
2023-11-08,90.59078463512535,91.07599250211142,89.23030523989743,90.13411712646484,4416000
2023-11-09,90.26731895331446,90.56225295406678,88.84975870561118,89.00198364257812,5007900
2023-11-10,89.14468017105828,89.63940392843173,87.9364256539636,89.40155792236328,5479100
2023-11-13,91.01891082911749,92.04640735088452,89.90579322644535,91.1330795288086,6894800
2023-11-14,91.63732046879635,93.08342117408586,91.52315175845047,92.3603744506836,5527100
2023-11-15,92.63627211160706,93.54959997344923,92.208144912988,93.23564147949219,5370500
2023-11-16,92.96926363573324,95.47140142697252,92.8931511589654,95.38578033447266,7603200
2023-11-17,95.5474966902309,95.85193928396966,94.42486326485349,94.71028137207031,6069100
2023-11-20,94.13945323158191,96.38472027490386,94.13945323158191,96.28006744384766,6869100
2023-11-21,96.53694744296554,97.5929843927444,96.08027987340517,96.95555877685547,7111600
2023-11-22,97.30755090833324,98.20185415933808,97.11727701847349,97.7071304321289,6470600
2023-11-24,97.68811593080541,98.1638079625568,97.22193977206467,97.86888122558594,2166800
2023-11-27,97.61199909352524,98.43970580476997,97.27901613790404,97.7166519165039,4572500
2023-11-28,97.47879874546399,97.50733910263575,96.42276197920756,97.0982437133789,3607600
2023-11-29,97.345608257881,98.79170870950874,97.25998718400419,98.5919189453125,5458700
2023-11-30,98.7061003479352,99.62894408603971,98.09721510478093,99.2198486328125,16766200
2023-12-01,99.15324873674415,99.87630266086123,98.84880612529766,99.78115844726562,4682300
2023-12-04,99.33402471886995,100.38054585464803,99.22937187944362,100.07610321044922,4717700
2023-12-05,99.89533289421361,100.13317892491412,98.89637666187754,99.27693176269531,4315500
2023-12-06,99.54331520145776,100.14269182646493,98.82977713053275,99.83824920654297,4296000
2023-12-07,100.07610109334519,100.09512558261788,98.90589539473608,98.99152374267578,5199000
2023-12-08,99.05811422734918,99.76213642273548,99.05811422734918,99.42915344238281,3426800
2023-12-11,99.1437310405941,101.08455537480855,99.1437310405941,101.05601501464844,5208200
2023-12-12,101.19873321354184,102.00740827787772,100.42810712719961,101.49365997314453,5354500
2023-12-13,100.85622785662058,102.06448243853868,100.75157502765705,102.03594207763672,6534800
2023-12-14,102.58774993182897,103.38690909710645,101.49365675780743,103.3203125,6611600
2023-12-15,102.6162861258242,102.72093895395304,101.33191908608823,102.0739974975586,13316300
2023-12-18,102.40698474795144,103.3393443670104,101.95032444111477,102.80656433105469,5142800
2023-12-19,102.8921773744756,103.43446594475562,102.20717975759902,103.1490478515625,4675100
2023-12-20,102.60677748901487,103.52962126115123,102.08352056995291,102.17865753173828,5666200
2023-12-21,102.19767419873777,103.396420149242,101.96934405623175,103.20614624023438,3555600
2023-12-22,103.5676594726356,104.02431971312211,103.22516066302889,103.7293930053711,2565700
2023-12-26,103.23468767066775,104.39537739970305,103.23468767066775,103.91968536376953,2513400
2023-12-27,103.73891559017625,104.46196948596487,103.73891559017625,104.45245361328125,2471800
2023-12-28,104.50953464518652,105.32772549480764,104.38585733386581,105.03279876708984,3206100
2023-12-29,105.03280768191863,105.34676618170835,104.49051902704763,104.7188491821289,3550200
2024-01-02,104.23362688759458,105.60362214626088,104.23362688759458,104.50952911376953,5058600
2024-01-03,104.78544026173127,104.89009308948341,103.97676525876999,104.1955795288086,4239600
2024-01-04,104.34780021927008,105.63216720214709,104.18606667695254,105.58460235595703,5296100
2024-01-05,105.32773225276848,105.6512066193771,104.68079077803587,105.41336059570312,4127700
2024-01-08,105.72730794259974,107.04973120491891,105.5275181610786,106.9355697631836,5030400
2024-01-09,106.69771489725046,108.02013804986932,106.61208656456786,107.24951934814453,3802100
2024-01-10,107.55397369641801,108.84785663250157,107.32563628994359,108.83834075927734,4672100
2024-01-11,108.27430522774493,108.72361702951069,107.63379303504207,108.50373840332031,5163900
2024-01-12,109.14424557279729,109.880354329506,108.45593873820445,108.9052505493164,3884800
2024-01-16,108.51330903927276,109.04865559017838,107.93972240708104,108.75230407714844,5876000
2024-01-17,108.61845108286636,109.45971086382787,108.44637438976642,108.91480255126953,4672000
2024-01-18,109.1729235710667,109.5266388307264,108.41770571683399,109.00084686279297,5098000
2024-01-19,108.62802113899751,109.80387992530054,108.4655062649665,109.64136505126953,6843100
2024-01-22,109.87080680337898,110.54955188328445,109.11558155554187,109.16338348388672,5062500
2024-01-23,109.41192337218877,110.41570542988023,107.90148030421103,108.98173522949219,5037300
2024-01-24,105.87479687606005,108.3603436961561,104.90925492556083,105.89391326904297,8710800
2024-01-25,106.50575650282829,107.61468973093653,105.91304615916093,107.49996948242188,5648600
2024-01-26,108.24563501749044,108.4177117353165,106.63002623865411,107.07933807373047,5176600
2024-01-29,107.21317802529809,108.47507156385387,107.09845777868395,108.45594787597656,6480600
2024-01-30,108.88614432590872,108.90526072041085,107.43305036304713,108.48463439941406,4768400
2024-01-31,108.9817329439544,109.49796308049379,107.66248301294222,108.16915130615234,8325200
2024-02-01,107.78675387082328,109.49795908688087,107.06976881181558,109.45015716552734,4520300
2024-02-02,107.98752373707403,109.03910051024722,107.05066721487525,107.17494201660156,7575700
2024-02-05,107.08889169850951,107.50952529257194,106.2571936474947,106.73518371582031,5670000
2024-02-06,106.89769824651957,109.46928713981801,106.80210169187028,108.98173522949219,4734600
2024-02-07,109.55532064166225,109.55532064166225,107.92059550648997,108.32210540771484,4757500
2024-02-08,108.36035791271142,108.36035791271142,106.61091233650106,107.4808578491211,6980500
2024-02-09,107.3087714156652,107.67204124555927,106.29543479458458,106.88813781738281,5947500
2024-02-12,106.59177301354376,107.67202781840703,106.31453793047999,107.57643127441406,4232100
2024-02-13,107.51908205650571,108.13090873157341,105.71228026707931,106.4388198852539,4263400
2024-02-14,106.72561870604416,107.43304194398515,106.22851225889495,107.12712860107422,3991100
2024-02-15,107.32787793663331,109.2398380532414,107.32787793663331,108.6375732421875,5450700
2024-02-16,108.50374296040978,110.40614134545132,108.45594103728057,108.99129486083984,7161100
2024-02-20,109.29721187760981,112.03131567952877,108.94349659779873,111.50552368164062,9601100
2024-02-21,110.85545566541492,112.78653962400153,110.85545566541492,112.68138122558594,6144600
2024-02-22,112.90125410300152,114.00063273271883,111.6584842858187,113.78075408935547,4916100
2024-02-23,114.12489771288071,114.86100644847183,113.62779128746322,114.20137786865234,4261300
2024-02-26,114.23962784188352,114.66981599165064,113.17848929267159,113.46528625488281,3483100
2024-02-27,112.95862195431329,114.23963189897097,112.64314674338713,114.14403533935547,3203300
2024-02-28,114.23007276082396,114.82278311416015,114.01975594855787,114.76542663574219,3383800
2024-02-29,115.02353509407682,115.14780989193737,113.31232969474331,113.41748809814453,6135200
2024-03-01,113.35055165782815,114.2013732994865,112.64312847911701,113.39835357666016,3899400
2024-03-04,113.09246345624578,114.98530021604084,112.96818135921005,114.75586700439453,3164000
2024-03-05,115.13823874740942,115.29119176168989,112.88212526176844,113.26451873779297,3502300
2024-03-06,113.3792390565856,114.31610276916209,113.20716234584908,114.08666229248047,3388700
2024-03-07,114.81321115495338,116.15158478401406,114.6698126779916,115.59711456298828,4200800
2024-03-08,115.6449225616864,116.28542752640729,115.30076911631848,115.63536071777344,3357400
2024-03-11,115.60668477365921,116.07511302499152,114.35435305755543,114.89926147460938,3886000
2024-03-12,114.6698116104609,115.75007380577318,113.81898989357126,115.44416046142578,3079700
2024-03-13,115.2147287372504,115.60668411417521,114.35435240521542,114.8705825805664,3421700
2024-03-14,114.72717313712972,115.04264102509075,112.66225263293416,113.61823272705078,4952200
2024-03-15,108.04487110004568,110.40614318847656,107.3183314524897,110.40614318847656,22415700
2024-03-18,110.27231610757015,110.66427149579263,107.34701898981295,107.49041748046875,12991000
2024-03-19,107.49041168370604,109.38324831892456,107.10801816042913,108.17871856689453,8299200
2024-03-20,108.02575177248283,108.2551849552925,105.85568014515309,106.59178161621094,8317300
2024-03-21,107.02196752505714,107.20360607501853,106.12335120538584,106.6013412475586,9722700
2024-03-22,106.61090652558528,107.05066382696147,105.67405003303591,105.70272827148438,5387700
2024-03-25,105.5879999448688,105.9225988172982,104.30699010185701,105.16737365722656,6622400
2024-03-26,105.62623966879403,106.97417511659332,105.09089314438833,106.59178161621094,7770600
2024-03-27,107.06978051910673,108.69494391313746,107.01242404205034,108.48463439941406,7533400
2024-03-28,108.29343063741668,109.00085390891664,107.9588390423525,108.65670776367188,5278000
2024-04-01,108.65671101241036,108.65671101241036,106.8977036844734,107.15581512451172,3964000
2024-04-02,106.96462290602081,107.47129123989683,106.28587784615388,107.08889770507812,4560700
2024-04-03,107.20362092586912,107.59557631565174,106.16160599048649,106.38147735595703,4409900
2024-04-04,106.9168192176327,107.06977954646018,105.00485886858878,105.26297760009766,4799700
2024-04-05,104.8710073585244,106.36234117894413,104.71805434493325,106.30497741699219,5591200
2024-04-08,106.40060080876086,106.57267753914115,105.29166025885446,105.6549301147461,5810500
2024-04-09,105.72184825163102,107.61469228247698,105.71229370085746,107.49041748046875,4235700
2024-04-10,106.32410807484706,106.75429620317938,105.49240276071528,106.27630615234375,3965500
2024-04-11,106.73518386319668,107.0506590591791,105.45416668566943,106.54398345947266,4321500
2024-04-12,105.9387355809833,106.15970470726158,104.22865282270782,104.82430267333984,4041500
2024-04-15,105.76579279952982,106.53437268712935,104.55528937168395,104.61293029785156,4595600
2024-04-16,104.5649100940864,105.9963902087008,103.89240806889478,104.92037963867188,7283900
2024-04-17,103.30636004052715,104.44962073109352,100.15519535464257,101.74038696289062,12002900
2024-04-18,102.31682230453235,102.826003439959,100.36655916481652,101.1351318359375,7306400
2024-04-19,101.8172441065713,103.53692874131787,101.24080547690515,103.06617736816406,10533600
2024-04-22,103.25833255512255,103.66183375764368,102.0958532868674,102.86443328857422,4948300
2024-04-23,103.44085787418501,103.86357758050823,103.09499762896085,103.36399841308594,3849600
2024-04-24,102.5185600613022,102.90285001357711,101.41372919715722,102.69149017333984,5052700
2024-04-25,102.46093098050615,103.23911290978924,101.97096105146174,102.66268157958984,3112300
2024-04-26,102.32641829727764,103.62339046696096,102.2111291131889,103.30635070800781,3575600
2024-04-29,103.17186115664201,103.94044113848344,102.41289044024712,103.05657196044922,3305100
2024-04-30,102.33603240708139,102.67229073491511,101.74038987606126,101.8076400756836,5074000
2024-05-01,101.76919867488726,102.95088899530575,101.74998747565009,102.11505889892578,4096800
2024-05-02,102.47053681381777,102.47053681381777,101.01984560645833,101.75959777832031,3708500
2024-05-03,101.94213755598084,102.45131867135926,101.33688577671019,101.74038696289062,3610300
2024-05-06,101.94214078321961,101.99978171743535,101.01023992154752,101.4906005859375,3789500
2024-05-07,102.33602208235123,102.4128815398001,101.6346996898639,101.99977111816406,6556400
2024-05-08,102.16310399061615,102.16310399061615,100.18402037159557,100.81809997558594,6234700
2024-05-09,100.6163411921729,100.88534197330637,100.39537207640095,100.5586929321289,5902000
2024-05-10,100.39537498722545,101.51941713943246,100.31851552475273,100.62594604492188,7349600
2024-05-13,100.86611447068107,101.35608432400045,100.29929249367544,100.65475463867188,5459200
2024-05-14,100.73161624146863,101.00061700441259,99.30014370739048,99.92461395263672,7035100
2024-05-15,100.01107544658363,100.71240514760851,100.01107544658363,100.48182678222656,5443200
2024-05-16,100.34733834022452,101.05827739016011,100.06873560925094,100.75084686279297,8708300
2024-05-17,100.30890266014423,100.68358333672347,99.85736252946643,100.00146484375,7004600
2024-05-20,99.70365485146874,99.72287338201856,98.97350461473336,99.15604400634766,7165900
2024-05-21,99.45385694255447,99.78050596707938,98.38746313734626,98.91585540771484,4391600
2024-05-22,98.90626062125888,101.01024273540908,98.89665868510347,100.70281219482422,5933400
2024-05-23,99.87657224802767,100.7892617600504,99.3770004632323,100.13597106933594,5862200
2024-05-24,100.05912253031059,100.27048238414297,99.51151169525473,99.86697387695312,4455600
2024-05-28,99.50189714888724,99.52110834834248,97.57084543103885,97.94552612304688,4771100
2024-05-29,97.11930565837345,97.77259638820406,96.68698403660198,96.77345275878906,4960900
2024-05-30,97.30184353449265,98.57960451025923,96.89834238310989,97.7437744140625,5124000
2024-05-31,97.85906192972448,98.28178160285226,97.40752179337817,98.17610168457031,7915700
2024-06-03,98.15688982596453,100.03990262464784,97.91670950986122,98.82939910888672,4915100
2024-06-04,98.7621493624156,99.42504205366274,98.5123597802109,99.36740112304688,3880400
2024-06-05,98.8870431309481,99.3577945129066,97.97436083310913,99.17526245117188,3302300
2024-06-06,99.23289762035087,100.87573005888616,98.77174820071856,100.17440032958984,9835500
2024-06-07,99.7805161768516,103.88279295920053,99.30976478569858,103.35440063476562,8666600
2024-06-10,103.40241419227473,104.69939360173383,102.83559223502012,103.26791381835938,8555900
2024-06-11,103.10461431602401,103.10461431602401,101.38492223117883,101.65392303466797,7536000
2024-06-12,101.75000013189127,101.75000013189127,100.19362893012766,100.28009033203125,4569000
2024-06-13,99.5691513243487,99.62679225474133,98.57000032912063,99.38661193847656,4719500
2024-06-14,99.23290898208224,99.64601945519253,98.40668803586166,99.60758972167969,3683100
2024-06-17,98.86782890549962,99.85737063575505,98.51235939872798,99.38661193847656,3936200
2024-06-18,99.20408071248912,100.00147379857256,99.19447144743607,99.90540313720703,4501000
2024-06-20,99.46346281792701,102.64344758541891,99.40582189250715,102.3840560913086,9154900
2024-06-21,102.47053179537698,102.72992330717204,101.10630205308892,101.56745147705078,10324700
2024-06-24,102.11506002077643,102.11506002077643,100.81808783124384,101.16394805908203,5201300
2024-06-25,101.26001993010641,101.81724000716376,100.70279985304904,101.34648132324219,4637400
2024-06-26,100.96219522921221,101.50020412719768,100.22244307284946,100.76044464111328,5406600
2024-06-27,101.11590573815758,101.18315592859506,99.83814479012429,100.53947448730469,4137600
2024-06-28,100.5875079237168,101.02944613121218,99.46346586526575,99.82854461669922,8283600
2024-07-01,100.06873752814192,101.36570986128864,98.57961653062995,99.14643859863281,4588900
2024-07-02,98.66607793230276,99.32897799734928,98.66607793230276,99.14643859863281,3650500
2024-07-03,99.30014963132786,99.5883689400884,98.16649825577598,98.31060791015625,2017800
2024-07-05,98.02238616036625,99.98225835385585,97.76299465271852,99.93421936035156,6582700
2024-07-08,99.7036496567918,99.77089985076874,97.93592608384236,98.10885620117188,4542000
2024-07-09,98.36824599949824,98.56038731330926,96.79266377113977,97.647705078125,6268500
2024-07-10,97.43636166656458,99.03116269308084,97.29225199204332,99.0023422241211,6598900
2024-07-11,99.31937163963637,100.52988260655239,99.01194109737288,100.08795166015625,5025300
2024-07-12,100.55868727415779,100.80847684103647,100.02068574216169,100.1263656616211,4277600
2024-07-15,100.37748046413525,100.5996218804683,99.07362743743653,99.44063568115234,4970800
2024-07-16,99.40200773916182,100.31953945368313,99.00602610738946,99.20884704589844,7656900
2024-07-17,99.1412351113925,102.03868957717928,98.99636091438161,101.10184478759766,13438300
2024-07-18,98.89011949856925,100.58996150078694,96.3017265694271,96.64942169189453,13078800
2024-07-19,97.17097454830026,98.89979009694311,96.65909205569258,98.54243469238281,11963600
2024-07-22,98.99636040664997,100.2809003150265,98.81285260013684,100.1746597290039,7880300
2024-07-23,100.45474820523408,100.76380971959897,99.8366251765043,100.3678207397461,5894500
2024-07-24,100.65757034125822,103.64194493435379,100.00081369427488,103.59365844726562,8680900
2024-07-25,103.36186156301048,104.99409669540711,102.29946300603021,102.33809661865234,6356600
2024-07-26,102.82099951905786,103.47775615678769,101.08253126761379,101.6427001953125,8611600
2024-07-29,97.15163890711675,101.58474780707152,96.50454255014745,101.18875885009766,19452700
2024-07-30,101.17911487878932,102.06766583837164,99.2667916349328,101.719970703125,9126300
2024-07-31,101.89382423788155,103.17836426451233,100.01048161884273,102.31878662109375,8238400
2024-08-01,103.00451624319726,106.89676255152406,102.6954547027214,106.38488006591797,9069200
2024-08-02,106.41385417473467,108.21027669394545,104.69469888333279,107.5052261352539,9885700
2024-08-05,107.53419067699092,108.17163420117961,104.66571692396519,104.91682434082031,7121400
2024-08-06,105.22589995830371,106.85813522961982,104.91683839963054,105.7571029663086,5634800
2024-08-07,105.86333845229781,108.50967838109636,105.66051750502649,106.18206024169922,6365100
2024-08-08,106.19170203591524,107.41829520579952,105.48665891687986,106.0082015991211,5476600
2024-08-09,105.54461092375082,105.54461092375082,104.00896353422462,104.99409484863281,5435000
2024-08-12,104.694693297856,104.694693297856,103.44878694818823,104.11520385742188,4795900
2024-08-13,104.115198532093,104.84921501374869,103.92203048275653,104.54015350341797,4920400
2024-08-14,104.37596976309301,106.4138466995978,104.0282746309855,106.13375854492188,5822900
2024-08-15,106.69392959704766,107.5245337751987,106.00819961157087,107.14786529541016,7458500
2024-08-16,107.55352096533328,107.78531528224326,106.7905236632041,107.20582580566406,4643300
2024-08-19,107.20581256221041,108.41308522619927,107.05127812428822,108.0750503540039,3495800
2024-08-20,107.99777739762725,108.25854503700815,106.55871052181352,106.9836654663086,5822400
2024-08-21,107.1768471369872,107.64043574788165,106.89675897395976,107.58248901367188,4081400
2024-08-22,107.96881770940979,108.31651285169443,107.25411430298385,108.26821899414062,3690400
2024-08-23,108.5579626915649,108.92497093978051,108.06539336660116,108.83805084228516,4511600
2024-08-26,108.88634326851403,109.38857286568587,108.22958658894113,108.84770965576172,3212700
2024-08-27,109.19540569357284,109.30164628735717,108.3068546988387,109.23403930664062,2705300
2024-08-28,109.23403134916319,109.54309286258265,108.5289882257099,109.0408706665039,3836700
2024-08-29,109.42720525001016,109.62036594299511,108.67386086270943,108.9056625366211,3375800
2024-08-30,109.1374562060819,109.59139193742077,108.06539741846271,109.39822387695312,4320100
2024-09-03,109.48514091418431,110.90489470675803,109.48514091418431,110.74070739746094,4436900
2024-09-04,110.76969694009097,111.63892746619928,109.68797785237587,110.48960876464844,3659200
2024-09-05,110.35439197978143,110.56687316735008,108.67386297007022,109.23403930664062,2928000
2024-09-06,109.74592192122823,110.43165197466564,109.1471193394535,109.96806335449219,3802200
2024-09-09,110.54754008452787,112.73995132259478,110.4123261384964,112.45020294189453,5101000
2024-09-10,112.17978713861643,113.24218570132514,111.48439684488471,113.10697174072266,4963700
2024-09-11,112.41158182940241,112.73030360988173,110.79866717343718,112.6144027709961,6535600
2024-09-12,112.51781084508978,113.30012116339739,111.63891282001201,112.83653259277344,4349300
2024-09-13,112.05421851795978,113.04901740206493,111.97695866610361,112.42123413085938,3350100
2024-09-16,113.00072908293741,113.65748575183898,112.44055276004323,113.60919189453125,3637100
2024-09-17,113.77338003478133,114.48808339639827,113.25183735405297,114.09209442138672,4982500
2024-09-18,113.48364003548784,113.48364003548784,110.60549851835765,110.95319366455078,5990200
2024-09-19,111.54233115465195,111.70652583304309,109.37890065739782,110.24813842773438,8144100
2024-09-20,109.86181619452769,110.25780517884192,109.33061325669344,109.81352233886719,8403400
2024-09-23,109.90045067695478,110.97250943737161,109.09881982572274,110.88558197021484,5005200
2024-09-24,110.306084715234,110.49925275709619,109.3112932476176,109.4658203125,5029800
2024-09-25,109.92942710026293,110.2867824865425,108.02676406951824,108.76078796386719,5159100
2024-09-26,108.47103686260061,109.06984678372386,108.26821593010916,108.8766860961914,3508700
2024-09-27,109.06985369813084,109.50446895693493,108.48070398461786,108.58694458007812,3566400
2024-09-30,108.72214979185844,110.19019015037846,108.26821407845192,110.11293029785156,5035600
2024-10-01,110.30608217673725,110.31574242075989,108.94428251383312,109.67829895019531,4264000
2024-10-02,109.50445468613574,109.90044364826507,108.20060171103533,109.75556945800781,3454000
2024-10-03,109.63002201261811,109.63002201261811,107.96881358923085,108.3937759399414,3472100
2024-10-04,108.29718745089814,108.89599736181712,107.8625722270524,108.78975677490234,4366300
2024-10-07,108.46138825057508,109.72660775145485,107.97847914414974,109.48515319824219,6912900
2024-10-08,109.86181364482934,111.35883471226788,109.86181364482934,110.71173095703125,4341500
2024-10-09,111.04978057177178,112.29567957317818,110.64413132509607,111.98661804199219,4256900
2024-10-10,112.24738184794481,112.85584460413833,111.50369777732311,111.66789245605469,4068300
2024-10-11,112.23773034137615,113.27115550409162,111.98661555018504,112.15081024169922,3471300
2024-10-14,112.28602195026002,113.56090163358989,112.0155940429791,113.24217987060547,3674100
2024-10-15,113.29069861124644,114.85299491883754,112.37854843323196,112.61144256591797,6544900
2024-10-16,114.51335978100208,115.97861307393083,113.18395028536285,114.32898712158203,7356200
2024-10-17,115.19261467566827,115.24113613399669,113.7176556245064,114.39691162109375,5046900
2024-10-18,114.40662121218958,116.29883969679665,114.18343286109818,115.85247039794922,6741800
2024-10-21,115.36728691044036,115.39639682545317,113.14513875665867,113.5235824584961,8303300
2024-10-22,113.4071522441027,113.72736873924983,112.40766485762462,112.67937469482422,5360000
2024-10-23,112.71817864888688,113.67884284096964,112.49499029954679,113.5429916381836,3655600
2024-10-24,113.73706014760661,113.93113857823667,112.76669020446177,113.0869140625,3768000
2024-10-25,112.70847724227733,112.94136396988392,109.84588129363155,110.83566284179688,5989600
2024-10-28,111.36937299020087,111.42760023040196,110.18552768837817,110.69011688232422,4104700
2024-10-29,110.75803451707601,111.34025505380508,109.99144130577068,110.03996276855469,4543600
2024-10-30,109.3024781577523,111.34025371344029,109.16662694759549,111.05884552001953,5188000
2024-10-31,110.20492003669041,111.07825451286287,109.91380607685443,110.01084899902344,5323200
2024-11-01,116.20181110956936,116.366772237893,113.62062327578901,115.08588409423828,10149300
2024-11-04,116.05624276526834,116.99750278691363,113.99906324084942,114.16402435302734,5604000
2024-11-05,114.10580246342681,114.74625020421412,112.88314161829081,114.24166107177734,4059200
2024-11-06,117.41477705250631,117.41477705250631,112.07774173193783,113.33922576904297,5256100
2024-11-07,114.00876454118062,114.00876454118062,111.14617612017038,111.88365936279297,5519000
2024-11-08,111.91277611763893,113.77588477814356,111.29173989747072,113.13543701171875,5685700
2024-11-11,113.47507698493601,114.34840411472386,112.88315065711518,113.33922576904297,5301100
2024-11-12,113.22277014631844,113.82440220222124,112.97047187728364,112.98988342285156,4598900
2024-11-13,112.6405451711085,113.34891108621467,112.12625028397618,112.31061553955078,4760800
2024-11-14,112.543514254063,112.65024814147364,111.5246228072449,111.62165832519531,3812300
2024-11-15,111.46640146003288,112.9025448741577,111.03943630285966,112.46588134765625,6898600
2024-11-18,112.15536438041589,114.44543813191903,112.0874387777584,113.88262176513672,6086500
2024-11-19,113.08691673115459,114.0669924697928,112.02920961843239,113.65943145751953,4542800
2024-11-20,113.23247839484847,113.31010236881097,112.10684563403248,112.4949951171875,5624400
2024-11-21,112.252397183658,114.15432141541292,111.72839651725585,113.78558349609375,5561900
2024-11-22,113.74678174012551,114.50366921651445,112.93166702478162,114.27078247070312,5349500
2024-11-25,114.7753558615156,115.1343954062144,114.096099861637,114.62979888916016,6879000
2024-11-26,115.12469564289599,115.47402943344889,113.5429952158571,114.46484375,4056800
2024-11-27,114.84327849137331,116.95868521200225,114.60068601149997,115.42549896240234,3510300
2024-11-29,115.19261177814232,115.65839259503974,114.36779883065195,115.2508316040039,2523200
2024-12-02,115.23144298821985,115.28966282192536,113.13544013479078,113.34892272949219,5338900
2024-12-03,113.63032717637901,113.9602568309248,112.63084724633751,112.84432983398438,4794900
2024-12-04,113.54298379975445,113.54298379975445,111.8739463912218,112.53379821777344,3557100
2024-12-05,111.84484548520003,112.84432537575428,111.48580592894828,112.1650619506836,3269800
2024-12-06,111.71869907054578,112.75699470820241,111.68958915413214,112.17477416992188,5300300
2024-12-09,112.24268787424145,112.43676630197955,110.47661490016739,111.4955062866211,4868000
2024-12-10,111.67017467275214,112.94135692737012,110.88416998567124,112.07772827148438,4072100
2024-12-11,111.89334948652545,112.16505187080263,110.63187307333358,110.75801849365234,4747700
2024-12-12,111.01033647581392,111.37907443384856,109.9429308892201,110.48633575439453,3764700
2024-12-13,110.4766210358179,110.90358619721948,108.81728925401008,110.02054595947266,4550500
2024-12-16,109.36070503453772,110.28256105236976,109.05989267886066,109.2830810546875,5047200
2024-12-17,108.8852109597955,110.46691130958958,108.87550518738315,109.93321228027344,5805600
2024-12-18,109.68091560926119,110.76773263179226,108.5358787580833,108.61351013183594,6454600
2024-12-19,108.23507392685796,109.94292725089191,107.98277564637509,109.08899688720703,7738700
2024-12-20,109.30248281799156,111.69929804747684,109.18603574574841,110.84537506103516,12311900
2024-12-23,110.62218417870044,111.11707497032866,109.61299845217866,110.9229965209961,4028200
2024-12-24,110.75803284290919,111.42759052186159,110.22432637369559,111.35966491699219,1480000
2024-12-26,110.81624999913505,112.37854627674652,110.44751206779488,111.85454559326172,2960500
2024-12-27,111.60226677239048,112.51440962802258,111.11708172457092,111.58285522460938,2829500
2024-12-30,110.74832727864329,111.24321805981667,109.18603096036584,109.4577407836914,3475800
2024-12-31,109.71003108937873,110.4086986819266,109.21514771410371,109.75855255126953,3519900
2025-01-02,110.32135834864538,110.58335496904311,109.41891402875432,110.07876586914062,3569100
2025-01-03,110.56396328013363,110.84537147645221,109.92351550851154,110.45722198486328,4416700
2025-01-06,110.14670314611794,110.87448066179839,109.44803554653099,109.69062805175781,6037200
2025-01-07,110.0108528522186,111.29174099435687,109.81677440441838,110.03996276855469,5300100
2025-01-08,110.17580719219666,110.92298881101873,108.93373481614496,110.8647689819336,4455800
2025-01-10,110.39898563341106,110.46691123358038,108.47765728385869,108.98224639892578,5108700
2025-01-13,109.26365949625126,110.0302526774736,108.66203484001929,109.836181640625,4409700
2025-01-14,110.19520425137357,110.43779672808289,108.96283772715756,109.67120361328125,3972400
2025-01-15,109.39808623913143,109.99311877117972,108.13973911933354,108.37384796142578,6543700
2025-01-16,108.29580618066298,111.15391061908008,108.29580618066298,111.11489868164062,5598700
2025-01-17,110.83201393691348,111.97330288456413,110.6076543642592,110.69544982910156,6459800
2025-01-21,111.44655757462209,114.0315339214641,111.33925613606814,113.92423248291016,8486300
2025-01-22,111.32949239260516,116.99693253930829,110.71495391788652,114.88993072509766,13200700
2025-01-23,115.23135029937265,120.20621361527054,114.88994000805457,120.19645690917969,13089400
2025-01-24,119.5819134939185,122.58633900598986,119.18197784189498,121.96204376220703,9960200
2025-01-27,123.62032892411261,126.57597078212717,122.39124445792513,126.25406646728516,11845100
2025-01-28,126.56622103671847,126.66377321091947,123.56179566066633,124.26412963867188,11948500
2025-01-29,125.015236846386,126.12726313874926,124.4982356383699,124.72259521484375,7609800
2025-01-30,124.84939807080158,126.01995711213868,124.06903281876242,125.64927673339844,6340400
2025-01-31,125.22006894328578,125.60049857884849,124.54700513385164,124.7908706665039,7129400
2025-02-03,123.54229106889952,125.7858496990088,122.91799584641814,125.2981185913086,5720600
2025-02-04,123.33744168497067,126.029711970994,122.90823593987163,125.93217468261719,6957400
2025-02-05,126.25406398161083,129.24874004643036,125.78584629850069,128.8195343017578,8680100
2025-02-06,128.56591735105332,128.66345463770975,124.99572222638007,125.07376098632812,6469200
2025-02-07,124.92745373401117,126.31260830110823,124.92745373401117,125.90291595458984,6455200
2025-02-10,125.9029106454092,128.20498709990162,125.44444223032052,128.0879364013672,5503600
2025-02-11,127.98063591409125,128.80978472650855,127.268552685447,128.21475219726562,5314100
2025-02-12,127.28807067871094,127.59046158596381,126.0687429014834,127.28807067871094,4703700
2025-02-13,127.71725428538196,128.80001788531777,127.3465887835715,128.55615234375,4168400
2025-02-14,129.07316779100586,129.39505722460044,127.3173328222654,127.40512084960938,3733900
2025-02-18,126.57597202232776,127.60997447606005,125.10302943183571,126.98566436767578,5116200
2025-02-19,127.06370810160257,129.01463261350148,126.81009327342991,128.88783264160156,3806800
2025-02-20,128.49763003942587,130.0095994098395,128.12696452883424,129.9022979736328,5046900
2025-02-21,129.16095494961743,132.0873415830447,129.16095494961743,131.60935974121094,7160100
2025-02-24,131.1899065974279,133.23836813005187,131.00456641211102,131.63861083984375,5947200
2025-02-25,132.05806844950936,133.1018051929026,131.06309290531405,132.48727416992188,6385700
2025-02-26,131.83370348844048,132.9652431535711,130.97530691866135,132.62384033203125,5388000
2025-02-27,132.38972788692698,133.6285690196567,131.9019967983027,132.53604125976562,4890700
2025-02-28,133.0530403921298,134.9747021496052,131.44353368846882,134.62353515625,8756100
2025-03-03,134.77961162850764,137.384093940357,134.62353410282168,136.77931213378906,7589800
2025-03-04,137.54018075642466,137.76453291201992,134.15532547188195,134.2041015625,8356300
2025-03-05,133.54076523833274,135.10151066547309,132.7018671760098,134.33090209960938,8156700
2025-03-06,133.696837490344,134.34064607000155,130.18518274419262,131.7654266357422,9184200
2025-03-07,131.20941670580842,134.10654066460978,130.67292439700026,133.77488708496094,8254800
2025-03-10,133.0822839644473,135.73554200351714,133.0822839644473,133.98947143554688,7028000
2025-03-11,133.69684328895443,133.69684328895443,129.06339795891898,129.40481567382812,9313500
2025-03-12,129.04388746331247,129.35604251078158,126.2638291331038,127.08321380615234,6771000
2025-03-13,127.08321133120776,127.63923191704414,125.83462093439144,126.7027816772461,9012900
2025-03-14,121.93278287210248,125.33715152826582,121.44505174061406,123.60082244873047,9537900
2025-03-17,123.61057973484091,124.73236283096212,123.10333518808984,124.50800323486328,6662800
2025-03-18,124.81038094596819,125.46393880992807,121.83522581014894,123.20087432861328,7959600
2025-03-19,123.23014573391669,124.6445629954994,122.69363852866188,124.29339599609375,5098500
2025-03-20,124.20559743073798,124.62504645321285,123.2789039222916,123.6690902709961,5158500
2025-03-21,123.23013415980714,123.69835182024758,122.41074209075808,123.23988342285156,8857100
2025-03-24,124.08853912353516,124.70307759842788,123.49350661706744,124.08853912353516,5283000
2025-03-25,124.54700655907571,125.6297626896314,121.44503665055484,122.5180435180664,6726800
2025-03-26,122.6546106176083,124.21534859411685,122.05957810122288,123.50326538085938,6053700
2025-03-27,124.0495137964267,128.69270804623878,123.55203348249448,128.126953125,8441400
2025-03-28,128.039160950987,130.18518966391323,127.54168059537501,127.60997009277344,6708300
2025-03-31,127.60020324003888,129.9315572156867,127.43437645835012,129.39505004882812,9669600
2025-04-01,129.2292267449277,129.37555500402968,127.8635856328735,128.4586181640625,4228800
2025-04-02,127.43437884040729,128.88782284972504,126.57596735738778,128.69271850585938,4236200
2025-04-03,128.6732442384572,130.36078996358145,128.25378768130955,128.40011596679688,6239200
2025-04-04,128.00989422912417,129.1511831625317,120.95730702733191,121.38651275634766,10776900
2025-04-07,119.28927367905004,123.39596865996768,117.5139327675585,121.79621124267578,10371300
2025-04-08,123.95198361453815,124.8201443922795,119.06491582363348,120.90853881835938,9880100
2025-04-09,118.64546035281161,124.62504818237423,117.88460105548307,123.92271423339844,10179200
2025-04-10,122.90823106880647,123.70810973521763,119.02588843191266,121.44503784179688,11089400
2025-04-11,122.96676101316024,125.36640454428336,120.99633066835655,123.76663970947266,7357000
2025-04-14,123.88370181611907,125.34689514465592,123.72762428882581,124.82014465332031,6988500
2025-04-15,125.0651431541774,125.9177290788296,123.08557789739682,123.69316864013672,8639400
2025-04-16,127.10350036621094,131.474221093487,126.42731125574424,127.10350036621094,13483200
2025-04-17,127.76988494799471,130.05324171079016,127.0642976670743,128.3578643798828,10474500
2025-04-21,128.34806902404426,129.31825526659213,125.93731000619118,127.28968811035156,6046700
2025-04-22,127.32891163181448,129.38687751077856,127.32891163181448,129.09288024902344,5837100
2025-04-23,129.56324882719812,130.2296284942349,124.58493783449723,127.24068450927734,8777100
2025-04-24,127.4170964206329,127.59348577128212,125.46692941964795,126.78990936279297,6595500
2025-04-25,126.68211318358678,126.9369027902513,124.69274602082854,126.27052307128906,4849100
2025-04-28,126.74091174857602,127.51508995890745,125.9471297363837,126.93690490722656,3843300
2025-04-29,126.30971969540188,128.64207869179643,126.22152501570285,127.88748931884766,4315300
2025-04-30,128.29908701023675,128.6420862781646,126.10392459280376,128.1324920654297,8510500
2025-05-01,126.90750945046909,128.99487327128045,125.43753829853316,128.2598876953125,6769100
2025-05-02,129.26925525104164,134.06136018416794,128.70086466152475,130.16104125976562,9801400
2025-05-05,130.22963765926298,130.39623258774643,128.81846302585112,129.94544982910156,5752000
2025-05-06,129.308445838609,130.9254229088819,128.08347000657724,130.39622497558594,6290500
2025-05-07,130.8274138077748,131.73878861401175,129.77882735846455,131.26840209960938,4924900
2025-05-08,130.59222223147847,132.51299097606523,130.4158328837027,131.31741333007812,5994500
2025-05-09,131.29779262908758,132.26797877693198,130.5236145579674,130.57261657714844,4976100
2025-05-12,129.15163291429425,130.98420675091086,127.49547830955612,129.34764099121094,5958300
2025-05-13,129.11245174504143,129.11245174504143,126.33910468735317,126.46650695800781,6344700
2025-05-14,126.71151162037805,127.53469184634523,125.62373240987881,125.98632049560547,5266900
2025-05-15,126.27053667821157,130.75883574739728,126.27053667821157,130.68045043945312,8406400
2025-05-16,130.48443268032239,132.5815909161057,130.1120501584452,132.10140991210938,7128700
2025-05-19,132.2974028539732,132.97359197220246,131.83681069962344,132.83639526367188,8012800
2025-05-20,132.29739978716697,133.11078559507158,131.84660206769092,132.49339294433594,6455300
2025-05-21,132.39539216171582,133.4439636843843,130.35703060969212,130.3864288330078,7209100
2025-05-22,129.80825021045334,130.21984031040066,128.54406673253334,128.86746215820312,6277100
2025-05-23,129.04386079634727,129.5240567575135,127.81888483213535,128.67147827148438,6145000
2025-05-27,129.21046533927864,131.16061742347605,128.8968643278246,130.2786407470703,5591000
2025-05-28,130.43544091748106,130.9254312816289,129.20065562970422,129.37705993652344,3622100
2025-05-29,129.0928563689936,130.39623252412505,128.72047386275543,130.19044494628906,3078200
2025-05-30,130.2198544383586,131.4448304472886,129.10267691634724,130.9058380126953,14236800
2025-06-02,130.2002489267146,131.06263681074705,129.23987193524587,130.8960418701172,4464000
2025-06-03,130.4550336312282,131.28802325628988,128.97526807084904,131.03323364257812,5914900
2025-06-04,131.71920197565228,132.169984698126,130.27862923241355,130.29823303222656,4057000
2025-06-05,130.71962882428437,131.68981512904907,129.5436549403182,131.2586212158203,5581500
2025-06-06,132.09160641548013,132.51300593827867,130.4354514121959,130.9058380126953,3867700
2025-06-09,130.3570334057958,131.601598095037,128.201078914265,130.7294158935547,6630100
2025-06-10,130.8862280075533,132.15041156272494,130.66083661952013,131.44482421875,3579400
2025-06-11,131.41542251311142,132.64039843156579,130.26883189451715,132.57179260253906,4100500
2025-06-12,132.82656731406553,134.1495471389536,132.74818202299625,133.71835327148438,5089100
2025-06-13,133.0617687513223,134.3161427615152,132.54238021366356,132.90496826171875,3928900
2025-06-16,132.84618256276462,133.67917214701342,130.64122596679667,131.32720947265625,5084100
2025-06-17,131.0234374764107,131.3272291492854,129.50446415871602,129.63186645507812,5010800
2025-06-18,130.2884144985981,130.70000454583592,128.96544969390146,129.7592315673828,4950400
2025-06-20,130.98423731915244,131.00382616876217,129.34767117752145,130.32765197753906,11338200
2025-06-23,130.4060555838886,130.79804193263107,129.46526741225762,130.5922393798828,4887200
2025-06-24,130.65103218297736,136.2761117482488,129.72984794597397,135.31573486328125,9894700
2025-06-25,135.10994518965066,136.06052774136322,133.90457301864237,134.64935302734375,5507500
2025-06-26,134.57094141114882,134.78652338327993,130.05323030604922,130.99400329589844,9452900
2025-06-27,130.62162894283546,132.20920794255898,130.21984819569107,131.6898193359375,9513500
2025-06-30,131.31739954143976,133.5321502997654,131.31739954143976,133.2871551513672,5749700
2025-07-01,132.82657822322864,134.3357568833211,132.11119649525483,133.53216552734375,5337600
2025-07-02,132.5619979136568,133.61056952203364,131.16061769001755,131.4252166748047,4319600
2025-07-03,131.97400283068086,132.53259902317194,130.53342996441557,131.7486114501953,3114300
2025-07-07,131.81721960109195,132.20922091561468,130.1904627441164,131.0234375,8927400
2025-07-08,130.5726384201894,132.03280014415932,130.1904465319485,130.6902313232422,4782600
2025-07-09,130.79801945618624,131.09201664388272,128.83805814263383,130.5530242919922,4613700
2025-07-10,131.05280234968023,132.34638392814242,130.34721511657676,130.9254150390625,4857100
2025-07-11,130.60203584689302,130.9058274801336,128.63226501289444,129.37705993652344,4661200
2025-07-14,129.37706165488342,130.42563327236073,129.07327001760794,129.38685607910156,4881700
2025-07-15,129.83966515907278,130.37123856240987,128.26466678795902,129.4360809326172,5084800
2025-07-16,130.05622871894212,130.9520177651754,128.2745040356162,129.6821746826172,9893000
2025-07-17,124.57323998310622,124.87839525240386,117.89914006157974,118.6275863647461,27560600
2025-07-18,120.71447212104562,123.66761103056348,120.36009485108582,121.73822784423828,19571900
2025-07-21,122.31901226218373,124.06136086483305,119.7005588985157,122.47650909423828,10308000
2025-07-22,122.38791928363261,124.40589298739674,122.28948282421834,123.76605224609375,7098400
2025-07-23,124.34682293568406,125.05557740465606,121.3247780545317,123.8644790649414,6439600
2025-07-24,123.32307483131761,124.01214505602474,122.75213286204551,123.67745208740234,4708000
2025-07-25,123.80541615875528,124.75042716215724,123.49041499436134,124.56339263916016,4741200
2025-07-28,124.17948512094578,125.00636036058927,123.66760353526348,124.37635803222656,8168400
2025-07-29,124.04167765827107,126.09903496340165,123.51011176379075,126.01042938232422,5834100
2025-07-30,125.97106544487477,127.67403803950127,125.09496815418284,126.54200744628906,5359700
2025-07-31,125.54777540222935,127.1326196528283,123.84479538543243,124.21886444091797,6722600
2025-08-01,123.5101109278995,125.77417952585913,123.5101109278995,125.30168151855469,5453300
2025-08-04,125.45917167364888,128.0973166999414,125.45917167364888,127.90042877197266,5671400
2025-08-05,127.8807599278051,129.4262281192307,127.23106577426474,128.64857482910156,5355400
2025-08-06,128.04811292905126,129.6624950330892,127.78232620484512,128.88482666015625,5170100
2025-08-07,129.11122627230745,130.43029127348845,128.68793525226278,129.99716186523438,4690600
2025-08-08,129.74123784785382,132.6057861674437,129.69201586241363,132.1824951171875,4985400
2025-08-11,131.98561919505622,132.2514058940374,128.5107603922472,129.30810546875,7125600
2025-08-12,129.68217370194387,129.82982463352914,127.59527873941418,128.97341918945312,5657500
2025-08-13,129.07184964582993,129.59356963745088,126.32543714315432,127.37871551513672,6723700
2025-08-14,127.08342372437703,128.10717199086548,126.52232009242516,127.26060485839844,9688300
2025-08-15,127.8906000713611,130.28265038932864,127.64450516319874,129.6920166015625,6784500
2025-08-18,129.57387941202526,130.23341187976683,128.1268403339937,128.23512268066406,3831400
2025-08-19,127.8906023642137,129.6624887388377,126.66996619048574,129.1998291015625,4845700
2025-08-20,129.98732365225703,131.7198262671688,129.66247659562856,130.37123107910156,3639800
2025-08-21,130.0562158272263,131.1193474986199,129.69200021570379,129.93809509277344,3980000
2025-08-22,130.6960712438146,131.53278481182053,129.28840073932108,130.5188751220703,4130200
2025-08-25,130.64684821060226,130.88310469754256,129.43606563346634,129.81011962890625,4705800
2025-08-26,129.80028680371322,130.2826381858889,129.32778883002342,129.5345001220703,6076500
2025-08-27,129.41637830495628,129.69200337234773,128.52058932571427,129.4065399169922,4759200
2025-08-28,128.87497955759454,129.5837340939322,128.10716464663562,129.3179473876953,4674700
2025-08-29,129.94794333111713,130.77483359628687,129.1210680863878,130.58779907226562,4430700
2025-09-02,130.61732253592174,131.31622359236448,128.7962143931057,129.4065399169922,5779200
2025-09-03,129.10137042864153,130.12513355983074,128.1760662798894,130.1152801513672,4806500
2025-09-04,130.11527920413337,131.7493528305788,129.64278123495333,130.73544311523438,5073800
2025-09-05,130.44014277529106,132.22188256935877,130.38108239921706,130.86343383789062,3286900
2025-09-08,130.1940396203825,131.01107648538658,129.55419889282584,130.13497924804688,5070200
2025-09-09,130.23342436697152,131.08982981429074,129.59356861331727,129.88888549804688,4641400
2025-09-10,129.79045071647494,129.79045071647494,125.45917164947815,127.33934020996094,7397200
2025-09-11,127.66420174299587,130.6074873417705,127.37872322738842,130.5779571533203,5578300
2025-09-12,129.76094414033923,132.85189591368214,129.34749143281218,131.64109802246094,5700300
2025-09-15,131.78875079389104,132.25141042556857,128.9143640522518,129.27857971191406,4057700
2025-09-16,129.70185389616412,131.57218419468174,129.15060370980225,130.6862335205078,5401600
2025-09-17,130.63703284076036,132.12344073767352,130.63703284076036,132.07421875,5113300
2025-09-18,131.99545877254877,132.67468310915098,130.03655295471788,132.4679718017578,5891700
2025-09-19,132.595928235794,134.5942176088949,131.6312404399206,133.9149932861328,11547400
2025-09-22,133.21608836631904,135.34235183214207,132.84201932498718,134.48593139648438,4837000
2025-09-23,134.15125670356616,134.74189049823462,132.9306205374573,133.76734924316406,5136400
2025-09-24,133.19640121329843,134.6926624103542,131.70014001624267,131.798583984375,3932400
2025-09-25,132.33014625141874,132.33014625141874,129.13091245874597,131.22764587402344,4963400
2025-09-26,131.88717372043644,132.1037384326237,131.0209298921281,131.46389770507812,4182100
2025-09-29,130.9224793680791,131.41466914013955,129.65263636515667,131.03076171875,4351900
2025-09-30,130.7846770447748,132.3990590223712,130.11529109187626,131.84780883789062,7538300
2025-10-01,132.69437377196638,133.334214507107,127.06372122914222,131.38514709472656,10613900
2025-10-02,130.351539872145,131.30638924946638,128.471371302744,130.9126434326172,5916700
2025-10-03,131.16859049213818,133.2554705774793,130.715769236792,132.48765563964844,5362200
2025-10-06,132.22188194147958,133.12750941801065,131.36546143114884,131.65093994140625,6745900
2025-10-07,131.99547823820205,131.99547823820205,129.8692143545194,130.94219970703125,4816100
2025-10-08,130.7354523721553,132.61562101449093,130.10545002849378,132.1726531982422,6654800
2025-10-09,132.47781220796062,133.0192240077319,130.92249059245447,131.22764587402344,3237600
2025-10-10,132.09391208187967,132.39906738037786,129.9774867508947,130.4992218017578,5654100
2025-10-13,129.93811514822093,130.68623828262446,128.82576132563804,129.3278045654297,4008100
2025-10-14,129.40655346167293,131.2571769620817,129.180135330843,131.1882781982422,8147900
2025-10-15,126.57077071938504,130.00175851524926,124.32629578014122,127.99458312988281,14906400
2025-10-16,128.07367742197079,129.68535596381398,125.44358804462037,126.19503784179688,9768100
2025-10-17,126.42246300821243,127.8067166899357,125.77976948820273,127.09481048583984,6806800
2025-10-20,126.9959320602268,128.36042133933896,126.68941985108879,128.05389404296875,5810000
2025-10-21,127.54964038537474,127.846270473485,126.07639471329118,126.1060562133789,4934700
2025-10-22,126.18516004342106,127.4903188677741,125.68089190521613,126.51144409179688,6186800
2025-10-23,126.79819527084258,127.32223524145982,124.65258698036708,124.91954803466797,6700600
2025-10-24,125.54246641143591,126.66964868841504,123.59461408645473,125.42381286621094,5071100
2025-10-27,124.64268877067276,126.22470579950047,123.74292394055287,125.7500991821289,6254200
2025-10-28,125.54246890724018,127.00582494269027,124.7712397069872,125.18651580810547,4763000
2025-10-29,124.76134568963987,125.12718845759667,122.72450889374562,123.03102111816406,5182000
2025-10-30,123.73303511593257,125.00853239385354,122.93214445866771,123.26831817626953,4877400
2025-10-31,122.44765324220785,122.93214956397794,121.23148645612228,122.23013305664062,7044900
2025-11-03,122.31911141739678,122.66517481298943,121.06339351235593,122.44764709472656,5833000
2025-11-04,122.90248477816039,124.43505343565188,122.44764996914294,124.3856201171875,5607700
2025-11-05,124.47460607868159,125.2853864384619,122.52675377023438,123.13978576660156,4597100
2025-11-06,122.457534983841,123.59460687582178,121.96315655633771,123.545166015625,4714700
2025-11-07,124.22741724497072,125.19640233343524,123.24855001883589,124.93932342529297,5458500
2025-11-10,124.00988480978363,124.7316806439866,123.14967116090311,124.47460174560547,4251600
2025-11-11,125.17662402088882,125.72044334197912,124.35595397037677,125.57212829589844,5293900
2025-11-12,125.51280574781657,127.62874495159413,125.1271911527853,127.37167358398438,4979700
2025-11-13,127.06514162715936,128.13300087147093,126.56088104813696,127.80670928955078,5182400
2025-11-14,127.83637809763982,129.4876154637329,127.32223535179511,129.12176513671875,6998900
2025-11-17,129.2107554628914,130.44670169323234,128.4889670887979,128.5680694580078,5816600
2025-11-18,129.27009196282327,130.54558181844007,127.8363822835014,128.5384063720703,6775000
2025-11-19,128.42963829542725,130.0116554338565,123.17934135952515,124.731689453125,10296100
2025-11-20,121.12272090534086,124.3065193475456,120.72721663447766,122.5761947631836,11654000
2025-11-21,123.27821074392081,127.27278953002093,122.49709188673528,126.66964721679688,9401000
2025-11-24,126.02695555485178,128.06379993061006,125.29527754953374,125.75999450683594,14041300
2025-11-25,125.85886370661886,127.36177083960857,124.8107838315552,126.61032104492188,8035500
2025-11-26,126.63999074208803,127.56942468005947,125.59190325556166,127.09481048583984,5473800
2025-11-28,126.71908184324529,127.93524854745199,126.56087712590218,127.45075225830078,2572400
2025-12-01,127.20357410081098,128.3900944967762,126.52133694291784,126.57077026367188,5766900
2025-12-02,127.0058221478987,127.53975932846811,124.2274176430968,124.89977264404297,5479700
2025-12-03,124.86022252323319,126.13571985396587,123.80225292165724,123.88135528564453,4918800
2025-12-04,123.7824818850152,124.15820680090519,122.66518173157695,123.99011993408203,5226900
2025-12-05,124.24719449108576,124.63280907492224,123.23865823827005,123.67371368408203,4361100
2025-12-08,123.21888453475854,123.21888453475854,120.34159840625206,120.71732330322266,6391900
2025-12-09,121.44900984256864,121.84451410479545,119.6989059338903,119.88677215576172,5229100
2025-12-10,119.89666757071032,121.70608702137368,119.34295855966585,121.17216491699219,6716200
2025-12-11,121.64676218697808,122.8431571502858,121.2512579117947,121.89395141601562,5390000
2025-12-12,122.08182188665158,124.1680996557205,121.52812040832245,124.04944610595703,4765300
2025-12-15,124.30652268532455,128.18244804790072,123.79236485631169,127.02560424804688,7716000
2025-12-16,126.96628449198853,127.15415072780951,124.88000670885646,125.43370819091797,5764200
2025-12-17,125.32493631282938,126.2345908448293,124.52404564265731,125.28538513183594,8048900
2025-12-18,125.15684861568039,126.14560550306554,123.52539824277162,123.71326446533203,5891700
2025-12-19,123.63416437266343,124.71190577875484,122.3685567405641,124.03955078125,14795700
2025-12-22,123.75281476160713,125.80942333952133,123.36719263815587,123.7923583984375,5058000
2025-12-23,123.59461303734501,123.77258958186344,122.45754108867813,123.13978576660156,7534900
2025-12-24,122.61574491915012,123.92090372155155,122.6058552379667,123.40674591064453,1632200
2025-12-26,123.17933763144194,123.78247994989992,122.86293572205551,123.43640899658203,2120700
2025-12-29,123.62427612913834,124.07910340573761,123.09034648870876,123.16944885253906,4468700
2025-12-30,123.03102438753356,124.7811208242841,122.96181170457997,124.3658447265625,5271100
2025-12-31,124.46471824691336,124.82067134123955,123.83191442224832,123.88135528564453,3157100
2026-01-02,123.29797699610816,123.84179628466494,122.2498971421073,122.79371643066406,5014200
2026-01-05,122.2400183998319,125.13707655054944,121.12272576763658,125.02831268310547,6548500
2026-01-06,125.41392696100678,128.00448040957738,125.12719408607545,126.3433609008789,8327500
2026-01-07,127.00581468710872,127.15413726732416,124.8503244468983,125.6116714477539,6632300
2026-01-08,125.6709994396604,126.65976387508157,124.64269136694949,124.76134490966797,4344600
2026-01-09,124.99865093247263,125.7105571384619,123.82203529987846,124.5042724609375,4317600
2026-01-12,124.97887702263932,125.1865150719775,122.06203956319358,123.23866271972656,5524300
2026-01-13,123.14967793957221,123.26832394257409,120.8260931325633,122.9024887084961,5169800
2026-01-14,122.28946086815093,123.68360425626113,121.60721615316812,123.59461975097656,7187800
2026-01-15,123.62442825256106,123.64430022632096,122.23315505266895,122.75984954833984,7079500
2026-01-16,122.46172145482008,122.72009501652245,120.7822553946107,121.00088500976562,10418200
2026-01-20,120.61331976399325,120.74250654771345,119.50029969022668,120.38475036621094,12634000
2026-01-21,120.95119610884603,121.72633197302363,119.57980247082637,119.97731018066406,12557300
2026-01-22,106.85960042377462,113.2892642667429,105.1205108407325,107.93286895751953,37099400
2026-01-23,107.59498139952416,109.36389026044864,105.41864023050884,106.75028228759766,21813100
2026-01-26,107.07822810831202,109.70176831110162,106.91922199574113,108.09186553955078,19094200
2026-01-27,107.33661239416186,108.6682545077168,106.29315559988216,107.59498596191406,16594500
2026-01-28,107.12792168072664,107.95274126619748,104.61368864984352,105.38883209228516,15120500
2026-01-29,105.77639758352952,106.49190992508215,104.68324951625254,105.42857360839844,15687900
2026-01-30,105.3987628530206,108.79744650748735,105.02113470555932,108.61856842041016,17531400
2026-02-02,108.54900429956346,110.3079658239955,108.19124812818258,108.7278823852539,11447200
2026-02-03,106.33290621226023,108.43969175639145,105.58758210329579,108.3403091430664,14645400
2026-02-04,108.51918661554771,109.04588868495784,106.96891490390038,107.52542114257812,13163500
2026-02-05,108.47944354884423,109.45332947443241,107.23723669755294,108.39994049072266,13555100
2026-02-06,109.41357831692062,110.36759227213253,108.27074649348599,110.13903045654297,9919600
2026-02-09,109.54277358448454,110.57628302477129,108.81732143888719,110.37753295898438,11719900
2026-02-10,110.48684606365907,112.04705755966461,110.30796797448134,111.57998657226562,10513000
2026-02-11,111.04334849583533,113.02094718664122,110.68559232975127,112.8818130493164,9306500
2026-02-12,112.5439410206127,113.05076354017393,110.73528814368706,110.77503967285156,11541000
2026-02-13,111.07316307058232,112.4048127408315,110.70547469963313,111.97749328613281,7696700
2026-02-17,112.48431417509235,112.88181429126699,111.23216758002178,111.56011199951172,6568900
2026-02-18,111.22223299290614,112.6731297137721,110.9340400879505,112.58369445800781,7824400
2026-02-19,112.30543453799785,112.69300245319197,111.2818573475196,111.49054718017578,6988400
2026-02-20,111.49054977966375,111.93774120552092,110.48684453858596,111.51042175292969,7099000
2026-02-23,111.58992402823468,114.591092371076,111.35142244156955,114.57122039794922,9144500
2026-02-24,114.3426495294714,114.65072197267139,113.11038250215732,113.86564636230469,9017200
2026-02-25,114.19359148032602,115.29666415436539,113.63707767277243,114.04452514648438,6529600
2026-02-26,114.60103714211738,115.84324401695902,113.79608951340529,115.5351791381836,7855600
2026-02-27,114.98860160672012,116.09168188480182,114.76997199026015,115.6246109008789,13233300
2026-03-02,114.83953302312176,115.12772591355993,112.92156540055852,113.40851593017578,7700200
2026-03-03,112.29549771037581,113.71658263069178,111.92780175832594,112.90169525146484,6708000
2026-03-04,112.95138839868854,113.23957371665118,111.33154580957827,112.3948745727539,4613500
2026-03-05,111.25203990872163,111.30173121431666,109.8309550015514,110.34771728515625,8008900
2026-03-06,110.02971711214954,110.02971711214954,107.6645503753881,108.87694549560547,11100400
2026-03-09,108.73781933638394,112.03712049754137,108.26081614156764,111.94768524169922,13560800
2026-03-10,111.57998887387072,111.74892718884863,109.11545468528396,109.86077880859375,8746100
2026-03-11,109.31420358670813,110.05952770207205,108.28068657025068,109.5626449584961,8002200
2026-03-12,109.09557219016344,110.48684536588937,107.39623414462156,107.4657974243164,10839800
2026-03-13,108.70800511715929,109.62226753799763,107.02853903183643,107.35648345947266,8828900
2026-03-16,108.13161907173522,109.41357744623916,107.85336595140795,109.26451110839844,7442200
2026-03-17,109.41357784122555,111.16260720909096,109.23469975153671,110.019775390625,9452200
2026-03-18,108.8173191408355,109.26451057032656,107.07822956552535,107.81361389160156,8241400
2026-03-19,108.0521205872475,109.08562998202105,106.47202958105751,106.52172088623047,10466000
2026-03-20,106.37265675445587,107.1179808565063,104.74288199118526,104.80250549316406,81271300
2026-03-23,106.4024725905464,106.47203587280202,103.450987820018,104.1963119506836,8227800
2026-03-24,103.44104374552461,103.60004985940681,101.77152504073445,103.4112319946289,11794300
2026-03-25,104.79256712487367,105.16026308295527,103.60005157828684,104.17643737792969,6377000
2026-03-26,103.73917458929029,105.31926559536625,103.351606670821,103.91805267333984,6212300
2026-03-27,104.24599737540704,104.8025036020442,103.03360231152293,103.34166717529297,10915000
2026-03-30,104.10687678718847,104.1168089833559,101.18520376618669,101.24482727050781,10476700
2026-03-31,101.90071281475159,103.0336048507996,100.25105848538021,102.02989959716797,12442100
2026-04-01,102.19883805793532,103.14291981057556,101.57276853662316,101.74170684814453,7452500
2026-04-02,101.38395383585205,102.82491837219902,100.91689041561801,102.2286605834961,5453400
2026-04-06,101.8708983917877,102.43734439495547,101.21500955557833,101.6622085571289,7125800
2026-04-07,101.19513702392578,102.2286539959318,100.81750130267959,101.19513702392578,13311000
2026-04-08,102.48703295011758,103.19260554298886,100.67838004931018,102.91435241699219,9379300
2026-04-09,102.35784296103691,102.67584760676891,101.28457443850556,102.07958984375,6198700
2026-04-10,102.0696535280615,102.12927703183698,98.72066106580526,99.6746826171875,11944800
2026-04-13,99.50573440763581,100.27093807017388,98.43247345547381,100.06224822998047,11199500
2026-04-14,99.7740567134669,101.54295807259379,99.7740567134669,100.42000579833984,11689900
2026-04-15,100.7699966430664,102.4800033569336,100.62999725341797,101.55999755859375,12657200
2026-04-16,97.12999725341797,99.0,93.91999816894531,95.47000122070312,27791200
2026-04-17,95.62000274658203,97.13999938964844,94.87000274658203,96.80999755859375,17559900
2026-04-20,96.5,97.31999969482422,95.48999786376953,96.0,9412700
2026-04-21,95.5999984741211,95.91000366210938,92.66000366210938,92.72000122070312,17164300
2026-04-22,92.62000274658203,94.04000091552734,91.58999633789062,91.69999694824219,11984000
2026-04-23,91.61000061035156,92.48999786376953,90.72000122070312,92.4800033569336,13008000
2026-04-24,92.1500015258789,92.66000366210938,91.05000305175781,91.12999725341797,12802000
2026-04-27,91.62000274658203,93.26000213623047,90.87999725341797,92.80000305175781,15203900
2026-04-28,93.83999633789062,94.79000091552734,93.2699966430664,93.86000061035156,11550800
2026-04-29,93.6500015258789,93.72000122070312,91.33000183105469,91.33000183105469,9010500
2026-04-30,91.4800033569336,91.4800033569336,90.29000091552734,90.79000091552734,19655500
2026-05-01,91.0,91.0,89.13999938964844,89.45999908447266,12860900
2026-05-04,89.18000030517578,89.72000122070312,87.30000305175781,87.54000091552734,14722500
2026-05-05,87.30999755859375,87.83000183105469,86.16000366210938,87.16999816894531,17193400
2026-05-06,87.55000305175781,87.69000244140625,86.1500015258789,86.30000305175781,12456300
2026-05-07,86.31999969482422,88.30000305175781,86.25,87.01000213623047,13272900
2026-05-08,87.16000366210938,87.30999755859375,84.08000183105469,84.31999969482422,10913500
2026-05-11,84.44000244140625,84.44000244140625,81.97000122070312,82.55999755859375,16460500
2026-05-12,83.41999816894531,85.0999984741211,83.08999633789062,84.3499984741211,16392500
2026-05-13,83.4000015258789,84.26000213623047,82.69000244140625,83.83000183105469,11826700
2026-05-14,84.18000030517578,85.2699966430664,84.05000305175781,84.9000015258789,11018400
2026-05-15,85.88999938964844,86.4800033569336,84.12999725341797,84.47000122070312,13208600
2026-05-18,84.86000061035156,87.91999816894531,84.4000015258789,87.91000366210938,12347000
2026-05-19,88.36000061035156,89.33999633789062,87.41000366210938,88.81999969482422,11693500
2026-05-20,88.19999694824219,88.79000091552734,87.0999984741211,88.37999725341797,7834400
2026-05-21,88.5999984741211,88.5999984741211,86.83000183105469,87.7699966430664,8524200
2026-05-22,87.91999816894531,88.83999633789062,87.05000305175781,87.41000366210938,9516400
2026-05-26,86.83000183105469,86.95999908447266,85.80999755859375,86.66999816894531,10249200
2026-05-27,86.6500015258789,86.83999633789062,84.95999908447266,85.68000030517578,10813900
2026-05-28,85.63999938964844,86.4000015258789,85.13999938964844,86.30000305175781,10151700
2026-05-29,86.6500015258789,86.7300033569336,85.27999877929688,85.5999984741211,21143600
2026-06-01,85.77999877929688,87.93000030517578,85.5999984741211,87.77999877929688,10561100
2026-06-02,87.25,87.8499984741211,85.88999938964844,86.97000122070312,10283600
2026-06-03,87.19999694824219,88.11000061035156,86.72000122070312,86.98999786376953,10448100
2026-06-04,89.31999969482422,91.4800033569336,89.19999694824219,90.77999877929688,14153200
2026-06-05,91.75,92.7300033569336,90.95999908447266,91.06999969482422,11933700
2026-06-08,90.54000091552734,91.33999633789062,90.2300033569336,90.5,13308700
2026-06-09,90.7300033569336,92.0199966430664,90.12999725341797,91.25,14109600
2026-06-10,91.31999969482422,91.31999969482422,88.69000244140625,89.16999816894531,11853100
2026-06-11,89.26000213623047,90.37000274658203,88.76000213623047,89.6500015258789,15088900
2026-06-12,89.62000274658203,90.29000091552734,87.06999969482422,88.18000030517578,13758700
2026-06-15,88.26000213623047,89.16000366210938,87.7300033569336,88.66999816894531,10950100
2026-06-16,89.36000061035156,90.69000244140625,88.83000183105469,90.62000274658203,12740700
2026-06-17,90.36000061035156,91.58000183105469,87.87000274658203,88.5,13053000
2026-06-18,88.63999938964844,89.44000244140625,87.76000213623047,88.41000366210938,41964800
2026-06-22,88.1500015258789,88.58999633789062,87.20999908447266,87.83000183105469,11458200
2026-06-23,88.94999694824219,90.93000030517578,88.7300033569336,90.52999877929688,12201500
2026-06-24,91.19000244140625,92.91999816894531,90.30000305175781,90.48999786376953,13201600
2026-06-25,90.5999984741211,94.55999755859375,90.27999877929688,93.23999786376953,16707400
2026-06-26,,,,,16413776
