symbol,expiration,option_type,strike,bid,ask,last,volume,open_interest,implied_volatility,delta,gamma,theta,vega
GOOGL,2026-03-13,call,100.0,206.5,210.45,196.05,,,10.018558425903322,,,,
GOOGL,2026-03-13,call,105.0,0.0,0.0,217.71,2.0,0.0,1.0000000000000003e-05,,,,
GOOGL,2026-03-13,call,110.0,0.0,0.0,212.75,2.0,0.0,1.0000000000000003e-05,,,,
GOOGL,2026-03-13,call,165.0,0.0,0.0,147.43,,0.0,1.0000000000000003e-05,,,,
GOOGL,2026-03-13,call,170.0,0.0,0.0,135.2,3.0,3.0,1.0000000000000003e-05,,,,
GOOGL,2026-03-13,call,175.0,0.0,0.0,124.32,1.0,0.0,1.0000000000000003e-05,,,,
GOOGL,2026-03-13,call,180.0,0.0,0.0,130.03,4.0,0.0,1.0000000000000003e-05,,,,
GOOGL,2026-03-13,call,185.0,0.0,0.0,114.68,,0.0,1.0000000000000003e-05,,,,
GOOGL,2026-03-13,call,190.0,0.0,0.0,109.35,3.0,0.0,1.0000000000000003e-05,,,,
GOOGL,2026-03-13,call,200.0,0.0,0.0,115.25,1.0,0.0,1.0000000000000003e-05,,,,
GOOGL,2026-03-13,call,205.0,0.0,0.0,93.95,1.0,0.0,1.0000000000000003e-05,,,,
GOOGL,2026-03-13,call,210.0,0.0,0.0,96.0,4.0,4.0,1.0000000000000003e-05,,,,
GOOGL,2026-03-13,call,215.0,0.0,0.0,82.57,1.0,0.0,1.0000000000000003e-05,,,,
GOOGL,2026-03-13,call,220.0,0.0,0.0,89.19,2.0,1.0,1.0000000000000003e-05,,,,
GOOGL,2026-03-13,call,225.0,0.0,0.0,81.85,1.0,3.0,1.0000000000000003e-05,,,,
GOOGL,2026-03-13,call,230.0,0.0,0.0,79.57,1.0,1.0,1.0000000000000003e-05,,,,
GOOGL,2026-03-13,call,235.0,0.0,0.0,63.3,1.0,3.0,1.0000000000000003e-05,,,,
GOOGL,2026-03-13,call,240.0,0.0,0.0,68.5,1.0,24.0,1.0000000000000003e-05,,,,
GOOGL,2026-03-13,call,245.0,0.0,0.0,61.05,6.0,1.0,1.0000000000000003e-05,,,,
GOOGL,2026-03-13,call,250.0,0.0,0.0,58.13,1.0,22.0,1.0000000000000003e-05,,,,
GOOGL,2026-03-13,call,255.0,0.0,0.0,45.33,168.0,20.0,1.0000000000000003e-05,,,,
GOOGL,2026-03-13,call,260.0,0.0,0.0,49.01,2.0,39.0,1.0000000000000003e-05,,,,
GOOGL,2026-03-13,call,262.5,0.0,0.0,36.27,,32.0,1.0000000000000003e-05,,,,
GOOGL,2026-03-13,call,265.0,0.0,0.0,36.25,1.0,71.0,1.0000000000000003e-05,,,,
GOOGL,2026-03-13,call,267.5,0.0,0.0,31.23,,28.0,1.0000000000000003e-05,,,,
GOOGL,2026-03-13,call,270.0,0.0,0.0,31.95,35.0,80.0,1.0000000000000003e-05,,,,
GOOGL,2026-03-13,call,272.5,0.0,0.0,37.21,2.0,40.0,1.0000000000000003e-05,,,,
GOOGL,2026-03-13,call,275.0,0.0,0.0,33.57,1.0,41.0,1.0000000000000003e-05,,,,
GOOGL,2026-03-13,call,277.5,0.0,0.0,31.75,1.0,40.0,1.0000000000000003e-05,,,,
GOOGL,2026-03-13,call,280.0,0.0,0.0,29.26,8.0,56.0,1.0000000000000003e-05,,,,
GOOGL,2026-03-13,call,282.5,0.0,0.0,19.5,10.0,32.0,1.0000000000000003e-05,,,,
GOOGL,2026-03-13,call,285.0,0.0,0.0,23.38,4.0,55.0,1.0000000000000003e-05,,,,
GOOGL,2026-03-13,call,287.5,0.0,0.0,20.78,4.0,114.0,1.0000000000000003e-05,,,,
GOOGL,2026-03-13,call,290.0,0.0,0.0,19.65,40.0,267.0,1.0000000000000003e-05,,,,
GOOGL,2026-03-13,call,292.5,0.0,0.0,17.38,1.0,198.0,1.0000000000000003e-05,,,,
GOOGL,2026-03-13,call,295.0,0.0,0.0,13.69,31.0,318.0,1.0000000000000003e-05,,,,
GOOGL,2026-03-13,call,297.5,0.0,0.0,11.65,46.0,560.0,1.0000000000000003e-05,,,,
GOOGL,2026-03-13,call,300.0,0.0,0.0,9.2,443.0,1737.0,1.0000000000000003e-05,,,,
GOOGL,2026-03-13,call,302.5,0.0,0.0,7.3,165.0,1254.0,1.0000000000000003e-05,,,,
GOOGL,2026-03-13,call,305.0,0.0,0.0,5.23,1592.0,9352.0,0.00196310546875,,,,
GOOGL,2026-03-13,call,307.5,0.0,0.0,3.55,6273.0,8391.0,0.0312596875,,,,
GOOGL,2026-03-13,call,310.0,0.0,0.0,2.16,21832.0,6527.0,0.062509375,,,,
GOOGL,2026-03-13,call,312.5,0.0,0.0,1.19,9600.0,12131.0,0.062509375,,,,
GOOGL,2026-03-13,call,315.0,0.0,0.0,0.6,7271.0,8639.0,0.12500875,,,,
GOOGL,2026-03-13,call,317.5,0.0,0.0,0.31,1877.0,4914.0,0.12500875,,,,
GOOGL,2026-03-13,call,320.0,0.0,0.0,0.12,2228.0,6667.0,0.12500875,,,,
GOOGL,2026-03-13,call,322.5,0.0,0.0,0.07,724.0,1356.0,0.12500875,,,,
GOOGL,2026-03-13,call,325.0,0.0,0.0,0.05,347.0,4870.0,0.2500075,,,,
GOOGL,2026-03-13,call,327.5,0.0,0.0,0.02,152.0,486.0,0.2500075,,,,
GOOGL,2026-03-13,call,330.0,0.0,0.0,0.02,252.0,2059.0,0.2500075,,,,
GOOGL,2026-03-13,call,332.5,0.0,0.0,0.01,7.0,590.0,0.2500075,,,,
GOOGL,2026-03-13,call,335.0,0.0,0.0,0.01,57.0,683.0,0.2500075,,,,
GOOGL,2026-03-13,call,337.5,0.0,0.0,0.19,1.0,158.0,0.2500075,,,,
GOOGL,2026-03-13,call,340.0,0.0,0.0,0.01,3.0,853.0,0.2500075,,,,
GOOGL,2026-03-13,call,342.5,0.0,0.0,0.01,1.0,53.0,0.2500075,,,,
GOOGL,2026-03-13,call,345.0,0.0,0.0,0.01,25.0,583.0,0.2500075,,,,
GOOGL,2026-03-13,call,347.5,0.0,0.0,0.02,1.0,7.0,0.500005,,,,
GOOGL,2026-03-13,call,350.0,0.0,0.0,0.01,1.0,1124.0,0.500005,,,,
GOOGL,2026-03-13,call,355.0,0.0,0.0,0.05,1.0,464.0,0.500005,,,,
GOOGL,2026-03-13,call,360.0,0.0,0.0,0.01,16.0,332.0,0.500005,,,,
GOOGL,2026-03-13,call,365.0,0.0,0.0,0.02,1.0,284.0,0.500005,,,,
GOOGL,2026-03-13,call,370.0,0.0,0.0,0.01,30.0,378.0,0.500005,,,,
GOOGL,2026-03-13,call,375.0,0.0,0.0,0.02,3.0,462.0,0.500005,,,,
GOOGL,2026-03-13,call,380.0,0.0,0.0,0.07,1.0,664.0,0.500005,,,,
GOOGL,2026-03-13,call,385.0,0.0,0.0,0.01,30.0,73.0,0.500005,,,,
GOOGL,2026-03-13,call,390.0,0.0,0.0,0.4,2.0,105.0,0.500005,,,,
GOOGL,2026-03-13,call,395.0,0.0,0.0,0.01,5.0,23.0,0.500005,,,,
GOOGL,2026-03-13,call,400.0,0.0,0.0,0.01,10.0,299.0,0.500005,,,,
GOOGL,2026-03-13,call,405.0,0.0,0.0,0.08,6.0,31.0,0.500005,,,,
GOOGL,2026-03-13,call,410.0,0.0,0.0,0.03,6.0,21.0,0.500005,,,,
GOOGL,2026-03-13,call,415.0,0.0,0.0,0.06,1.0,24.0,0.500005,,,,
GOOGL,2026-03-13,call,420.0,0.0,0.0,0.05,4.0,42.0,0.500005,,,,
GOOGL,2026-03-13,call,425.0,0.0,0.0,0.06,1.0,78.0,0.500005,,,,
GOOGL,2026-03-13,call,430.0,0.0,0.0,0.01,1.0,15.0,0.500005,,,,
GOOGL,2026-03-13,call,435.0,0.0,0.0,0.16,,2.0,0.500005,,,,
GOOGL,2026-03-13,call,445.0,0.0,0.0,0.01,,10.0,0.500005,,,,
GOOGL,2026-03-13,call,450.0,0.0,0.0,0.01,81.0,115.0,0.500005,,,,
GOOGL,2026-03-13,put,110.0,0.0,0.0,0.02,2.0,2.0,0.500005,,,,
GOOGL,2026-03-13,put,165.0,0.0,0.0,0.05,,33.0,1.000005,,,,
GOOGL,2026-03-13,put,180.0,0.0,0.0,0.04,6.0,7.0,0.500005,,,,
GOOGL,2026-03-13,put,185.0,0.0,0.0,0.04,2.0,831.0,0.500005,,,,
GOOGL,2026-03-13,put,190.0,0.0,0.0,0.01,1.0,5.0,0.500005,,,,
GOOGL,2026-03-13,put,195.0,0.0,0.0,0.01,1.0,3.0,0.500005,,,,
GOOGL,2026-03-13,put,200.0,0.0,0.0,0.02,27.0,464.0,0.500005,,,,
GOOGL,2026-03-13,put,205.0,0.0,0.0,0.04,2.0,440.0,0.500005,,,,
GOOGL,2026-03-13,put,210.0,0.0,0.0,0.09,2.0,14.0,0.500005,,,,
GOOGL,2026-03-13,put,215.0,0.0,0.0,0.03,14.0,18.0,0.500005,,,,
GOOGL,2026-03-13,put,220.0,0.0,0.0,0.02,10.0,54.0,0.500005,,,,
GOOGL,2026-03-13,put,225.0,0.0,0.0,0.04,4.0,65.0,0.500005,,,,
GOOGL,2026-03-13,put,230.0,0.0,0.0,0.01,28.0,106.0,0.500005,,,,
GOOGL,2026-03-13,put,235.0,0.0,0.0,0.02,13.0,83.0,0.500005,,,,
GOOGL,2026-03-13,put,240.0,0.0,0.0,0.01,48.0,339.0,0.500005,,,,
GOOGL,2026-03-13,put,245.0,0.0,0.0,0.02,1.0,148.0,0.500005,,,,
GOOGL,2026-03-13,put,250.0,0.0,0.0,0.01,51.0,413.0,0.500005,,,,
GOOGL,2026-03-13,put,255.0,0.0,0.0,0.03,130.0,637.0,0.500005,,,,
GOOGL,2026-03-13,put,257.5,0.0,0.0,0.04,26.0,191.0,0.500005,,,,
GOOGL,2026-03-13,put,260.0,0.0,0.0,0.01,72.0,363.0,0.500005,,,,
GOOGL,2026-03-13,put,262.5,0.0,0.0,0.02,15.0,337.0,0.500005,,,,
GOOGL,2026-03-13,put,265.0,0.0,0.0,0.01,239.0,1057.0,0.500005,,,,
GOOGL,2026-03-13,put,267.5,0.0,0.0,0.03,6.0,983.0,0.500005,,,,
GOOGL,2026-03-13,put,270.0,0.0,0.0,0.03,1863.0,1628.0,0.2500075,,,,
GOOGL,2026-03-13,put,272.5,0.0,0.0,0.03,107.0,436.0,0.2500075,,,,
GOOGL,2026-03-13,put,275.0,0.0,0.0,0.05,169.0,1767.0,0.2500075,,,,
GOOGL,2026-03-13,put,277.5,0.0,0.0,0.07,108.0,864.0,0.2500075,,,,
GOOGL,2026-03-13,put,280.0,0.0,0.0,0.06,1861.0,2652.0,0.2500075,,,,
GOOGL,2026-03-13,put,282.5,0.0,0.0,0.1,200.0,546.0,0.2500075,,,,
GOOGL,2026-03-13,put,285.0,0.0,0.0,0.08,521.0,2237.0,0.2500075,,,,
GOOGL,2026-03-13,put,287.5,0.0,0.0,0.11,108.0,2087.0,0.12500875,,,,
GOOGL,2026-03-13,put,290.0,0.0,0.0,0.14,891.0,2897.0,0.12500875,,,,
GOOGL,2026-03-13,put,292.5,0.0,0.0,0.18,649.0,1037.0,0.12500875,,,,
GOOGL,2026-03-13,put,295.0,0.0,0.0,0.26,2540.0,2462.0,0.12500875,,,,
GOOGL,2026-03-13,put,297.5,0.0,0.0,0.39,1031.0,1935.0,0.062509375,,,,
GOOGL,2026-03-13,put,300.0,0.0,0.0,0.58,1596.0,3200.0,0.062509375,,,,
GOOGL,2026-03-13,put,302.5,0.0,0.0,0.91,3226.0,1373.0,0.0312596875,,,,
GOOGL,2026-03-13,put,305.0,0.0,0.0,1.43,5562.0,2478.0,1.0000000000000003e-05,,,,
GOOGL,2026-03-13,put,307.5,0.0,0.0,2.19,2636.0,939.0,1.0000000000000003e-05,,,,
GOOGL,2026-03-13,put,310.0,0.0,0.0,3.3,3139.0,956.0,1.0000000000000003e-05,,,,
GOOGL,2026-03-13,put,312.5,0.0,0.0,4.9,1779.0,331.0,1.0000000000000003e-05,,,,
GOOGL,2026-03-13,put,315.0,0.0,0.0,7.4,228.0,280.0,1.0000000000000003e-05,,,,
GOOGL,2026-03-13,put,317.5,0.0,0.0,9.1,6.0,357.0,1.0000000000000003e-05,,,,
GOOGL,2026-03-13,put,320.0,0.0,0.0,11.7,73.0,11061.0,1.0000000000000003e-05,,,,
GOOGL,2026-03-13,put,322.5,0.0,0.0,14.48,59.0,54.0,1.0000000000000003e-05,,,,
GOOGL,2026-03-13,put,325.0,0.0,0.0,16.82,35.0,35.0,1.0000000000000003e-05,,,,
GOOGL,2026-03-13,put,327.5,0.0,0.0,19.34,21.0,0.0,1.0000000000000003e-05,,,,
GOOGL,2026-03-13,put,330.0,0.0,0.0,22.58,51.0,0.0,1.0000000000000003e-05,,,,
GOOGL,2026-03-13,put,332.5,0.0,0.0,25.55,4.0,0.0,1.0000000000000003e-05,,,,
GOOGL,2026-03-13,put,335.0,0.0,0.0,29.61,24.0,0.0,1.0000000000000003e-05,,,,
GOOGL,2026-03-13,put,337.5,0.0,0.0,31.99,2.0,0.0,1.0000000000000003e-05,,,,
GOOGL,2026-03-13,put,340.0,0.0,0.0,31.46,2.0,5.0,1.0000000000000003e-05,,,,
GOOGL,2026-03-13,put,342.5,0.0,0.0,34.0,4.0,0.0,1.0000000000000003e-05,,,,
GOOGL,2026-03-13,put,345.0,0.0,0.0,38.17,21.0,0.0,1.0000000000000003e-05,,,,
GOOGL,2026-03-13,put,350.0,0.0,0.0,51.7,2.0,0.0,1.0000000000000003e-05,,,,
GOOGL,2026-03-13,put,355.0,0.0,0.0,56.7,1.0,0.0,1.0000000000000003e-05,,,,
GOOGL,2026-03-13,put,360.0,0.0,0.0,57.0,3.0,0.0,1.0000000000000003e-05,,,,
GOOGL,2026-03-13,put,365.0,0.0,0.0,55.69,12.0,0.0,1.0000000000000003e-05,,,,
GOOGL,2026-03-13,put,370.0,0.0,0.0,58.62,16.0,0.0,1.0000000000000003e-05,,,,
GOOGL,2026-03-13,put,375.0,0.0,0.0,69.59,2.0,0.0,1.0000000000000003e-05,,,,
GOOGL,2026-03-13,put,380.0,0.0,0.0,60.94,16.0,0.0,1.0000000000000003e-05,,,,
GOOGL,2026-03-13,put,385.0,0.0,0.0,66.18,1.0,0.0,1.0000000000000003e-05,,,,
GOOGL,2026-03-13,put,390.0,0.0,0.0,64.95,2.0,0.0,1.0000000000000003e-05,,,,
GOOGL,2026-03-16,call,245.0,0.0,0.0,63.2,1.0,1.0,1.0000000000000003e-05,,,,
GOOGL,2026-03-16,call,257.5,0.0,0.0,41.54,76.0,12.0,1.0000000000000003e-05,,,,
GOOGL,2026-03-16,call,260.0,0.0,0.0,49.76,2.0,14.0,1.0000000000000003e-05,,,,
GOOGL,2026-03-16,call,262.5,0.0,0.0,44.77,1.0,11.0,1.0000000000000003e-05,,,,
GOOGL,2026-03-16,call,265.0,0.0,0.0,35.66,146.0,13.0,1.0000000000000003e-05,,,,
GOOGL,2026-03-16,call,267.5,0.0,0.0,33.28,146.0,9.0,1.0000000000000003e-05,,,,
GOOGL,2026-03-16,call,270.0,0.0,0.0,31.46,112.0,13.0,1.0000000000000003e-05,,,,
GOOGL,2026-03-16,call,272.5,,38.05,29.1,,,1.2778356420898436,,,,
GOOGL,2026-03-16,call,275.0,0.0,0.0,33.69,1.0,29.0,1.0000000000000003e-05,,,,
GOOGL,2026-03-16,call,277.5,30.0,32.95,31.42,,,1.0002491394042967,,,,
GOOGL,2026-03-16,call,280.0,0.0,0.0,29.01,2.0,14.0,1.0000000000000003e-05,,,,
GOOGL,2026-03-16,call,282.5,0.0,0.0,26.49,2.0,4.0,1.0000000000000003e-05,,,,
GOOGL,2026-03-16,call,285.0,0.0,0.0,24.66,1.0,11.0,1.0000000000000003e-05,,,,
GOOGL,2026-03-16,call,287.5,0.0,0.0,21.24,25.0,155.0,1.0000000000000003e-05,,,,
GOOGL,2026-03-16,call,290.0,0.0,0.0,18.55,11.0,76.0,1.0000000000000003e-05,,,,
GOOGL,2026-03-16,call,292.5,0.0,0.0,16.47,25.0,120.0,1.0000000000000003e-05,,,,
GOOGL,2026-03-16,call,295.0,0.0,0.0,14.0,5.0,94.0,1.0000000000000003e-05,,,,
GOOGL,2026-03-16,call,297.5,0.0,0.0,11.69,490.0,169.0,1.0000000000000003e-05,,,,
GOOGL,2026-03-16,call,300.0,0.0,0.0,9.8,106.0,635.0,1.0000000000000003e-05,,,,
GOOGL,2026-03-16,call,302.5,0.0,0.0,7.83,291.0,264.0,1.0000000000000003e-05,,,,
GOOGL,2026-03-16,call,305.0,0.0,0.0,6.12,52.0,331.0,0.000986552734375,,,,
GOOGL,2026-03-16,call,307.5,0.0,0.0,4.45,147.0,326.0,0.015634843750000002,,,,
GOOGL,2026-03-16,call,310.0,0.0,0.0,3.3,624.0,353.0,0.0312596875,,,,
GOOGL,2026-03-16,call,312.5,0.0,0.0,2.2,119.0,134.0,0.062509375,,,,
GOOGL,2026-03-16,call,315.0,0.0,0.0,1.35,442.0,452.0,0.062509375,,,,
GOOGL,2026-03-16,call,317.5,0.0,0.0,0.88,266.0,405.0,0.062509375,,,,
GOOGL,2026-03-16,call,320.0,0.0,0.0,0.51,229.0,382.0,0.12500875,,,,
GOOGL,2026-03-16,call,322.5,0.0,0.0,0.3,292.0,123.0,0.12500875,,,,
GOOGL,2026-03-16,call,325.0,0.0,0.0,0.15,318.0,521.0,0.12500875,,,,
GOOGL,2026-03-16,call,327.5,0.0,0.0,0.11,10.0,80.0,0.12500875,,,,
GOOGL,2026-03-16,call,330.0,0.0,0.0,0.06,9.0,213.0,0.12500875,,,,
GOOGL,2026-03-16,call,332.5,0.0,0.0,0.04,4.0,41.0,0.12500875,,,,
GOOGL,2026-03-16,call,335.0,0.0,0.0,0.04,1.0,30.0,0.12500875,,,,
GOOGL,2026-03-16,call,337.5,0.0,0.0,0.06,2.0,6.0,0.2500075,,,,
GOOGL,2026-03-16,call,340.0,0.0,0.0,0.03,1.0,8.0,0.2500075,,,,
GOOGL,2026-03-16,call,345.0,0.0,0.0,0.04,23.0,27.0,0.2500075,,,,
GOOGL,2026-03-16,call,350.0,0.0,0.0,0.03,1.0,6.0,0.2500075,,,,
GOOGL,2026-03-16,call,360.0,0.0,0.0,0.02,2.0,3.0,0.2500075,,,,
GOOGL,2026-03-16,call,390.0,0.0,0.0,0.05,2.0,12.0,0.500005,,,,
GOOGL,2026-03-16,put,245.0,0.0,0.0,0.03,1.0,3.0,0.500005,,,,
GOOGL,2026-03-16,put,250.0,0.0,0.0,0.15,10.0,11.0,0.2500075,,,,
GOOGL,2026-03-16,put,252.5,0.0,0.0,0.2,,1.0,0.2500075,,,,
GOOGL,2026-03-16,put,255.0,0.0,0.0,0.07,1.0,4.0,0.2500075,,,,
GOOGL,2026-03-16,put,257.5,0.0,0.0,0.35,1.0,3.0,0.2500075,,,,
GOOGL,2026-03-16,put,260.0,0.0,0.0,0.1,3.0,18.0,0.2500075,,,,
GOOGL,2026-03-16,put,262.5,0.0,0.0,0.4,,1.0,0.2500075,,,,
GOOGL,2026-03-16,put,265.0,0.0,0.0,0.05,25.0,46.0,0.2500075,,,,
GOOGL,2026-03-16,put,267.5,0.0,0.0,0.57,45.0,58.0,0.2500075,,,,
GOOGL,2026-03-16,put,270.0,0.0,0.0,0.1,1.0,50.0,0.2500075,,,,
GOOGL,2026-03-16,put,272.5,0.0,0.0,0.12,8.0,70.0,0.2500075,,,,
GOOGL,2026-03-16,put,275.0,0.0,0.0,0.1,8.0,234.0,0.2500075,,,,
GOOGL,2026-03-16,put,277.5,0.0,0.0,0.14,8.0,65.0,0.12500875,,,,
GOOGL,2026-03-16,put,280.0,0.0,0.0,0.18,25.0,298.0,0.12500875,,,,
GOOGL,2026-03-16,put,282.5,0.0,0.0,0.22,14.0,116.0,0.12500875,,,,
GOOGL,2026-03-16,put,285.0,0.0,0.0,0.27,23.0,234.0,0.12500875,,,,
GOOGL,2026-03-16,put,287.5,0.0,0.0,0.32,17.0,168.0,0.12500875,,,,
GOOGL,2026-03-16,put,290.0,0.0,0.0,0.37,69.0,1657.0,0.12500875,,,,
GOOGL,2026-03-16,put,292.5,0.0,0.0,0.54,54.0,364.0,0.062509375,,,,
GOOGL,2026-03-16,put,295.0,0.0,0.0,0.72,278.0,402.0,0.062509375,,,,
GOOGL,2026-03-16,put,297.5,0.0,0.0,1.06,153.0,387.0,0.062509375,,,,
GOOGL,2026-03-16,put,300.0,0.0,0.0,1.3,236.0,412.0,0.0312596875,,,,
GOOGL,2026-03-16,put,302.5,0.0,0.0,1.73,58.0,157.0,0.015634843750000002,,,,
GOOGL,2026-03-16,put,305.0,0.0,0.0,2.33,318.0,366.0,1.0000000000000003e-05,,,,
GOOGL,2026-03-16,put,307.5,0.0,0.0,3.2,399.0,254.0,1.0000000000000003e-05,,,,
GOOGL,2026-03-16,put,310.0,0.0,0.0,4.28,100.0,186.0,1.0000000000000003e-05,,,,
GOOGL,2026-03-16,put,312.5,0.0,0.0,6.46,11.0,27.0,1.0000000000000003e-05,,,,
GOOGL,2026-03-16,put,315.0,0.0,0.0,8.18,16.0,52.0,1.0000000000000003e-05,,,,
GOOGL,2026-03-16,put,317.5,0.0,0.0,10.1,81.0,96.0,1.0000000000000003e-05,,,,
GOOGL,2026-03-16,put,322.5,0.0,0.0,24.62,118.0,6.0,1.0000000000000003e-05,,,,
GOOGL,2026-03-16,put,325.0,0.0,0.0,26.98,119.0,6.0,1.0000000000000003e-05,,,,
GOOGL,2026-03-16,put,327.5,0.0,0.0,28.31,128.0,0.0,1.0000000000000003e-05,,,,
GOOGL,2026-03-16,put,330.0,0.0,0.0,30.69,128.0,0.0,1.0000000000000003e-05,,,,
GOOGL,2026-03-18,call,250.0,0.0,0.0,49.34,,5.0,1.0000000000000003e-05,,,,
GOOGL,2026-03-18,call,252.5,0.0,0.0,49.0,1.0,13.0,1.0000000000000003e-05,,,,
GOOGL,2026-03-18,call,255.0,0.0,0.0,44.5,,5.0,1.0000000000000003e-05,,,,
GOOGL,2026-03-18,call,257.5,0.0,0.0,41.71,,13.0,1.0000000000000003e-05,,,,
GOOGL,2026-03-18,call,260.0,0.0,0.0,44.09,,7.0,1.0000000000000003e-05,,,,
GOOGL,2026-03-18,call,265.0,0.0,0.0,34.52,,15.0,1.0000000000000003e-05,,,,
GOOGL,2026-03-18,call,270.0,0.0,0.0,29.95,,14.0,1.0000000000000003e-05,,,,
GOOGL,2026-03-18,call,272.5,0.0,0.0,28.6,10.0,10.0,1.0000000000000003e-05,,,,
GOOGL,2026-03-18,call,285.0,0.0,0.0,23.1,134.0,31.0,1.0000000000000003e-05,,,,
GOOGL,2026-03-18,call,287.5,0.0,0.0,21.91,97.0,22.0,1.0000000000000003e-05,,,,
GOOGL,2026-03-18,call,290.0,0.0,0.0,19.65,78.0,19.0,1.0000000000000003e-05,,,,
GOOGL,2026-03-18,call,292.5,0.0,0.0,18.53,3.0,44.0,1.0000000000000003e-05,,,,
GOOGL,2026-03-18,call,295.0,0.0,0.0,14.2,2.0,9.0,1.0000000000000003e-05,,,,
GOOGL,2026-03-18,call,297.5,0.0,0.0,14.5,7.0,41.0,1.0000000000000003e-05,,,,
GOOGL,2026-03-18,call,300.0,0.0,0.0,10.55,188.0,521.0,1.0000000000000003e-05,,,,
GOOGL,2026-03-18,call,302.5,0.0,0.0,8.97,24.0,862.0,1.0000000000000003e-05,,,,
GOOGL,2026-03-18,call,305.0,0.0,0.0,7.19,64.0,67.0,0.0004982763671875,,,,
GOOGL,2026-03-18,call,307.5,0.0,0.0,5.47,183.0,220.0,0.015634843750000002,,,,
GOOGL,2026-03-18,call,310.0,0.0,0.0,4.45,255.0,249.0,0.0312596875,,,,
GOOGL,2026-03-18,call,312.5,0.0,0.0,3.3,125.0,242.0,0.0312596875,,,,
GOOGL,2026-03-18,call,315.0,0.0,0.0,2.25,470.0,511.0,0.062509375,,,,
GOOGL,2026-03-18,call,317.5,0.0,0.0,1.54,78.0,153.0,0.062509375,,,,
GOOGL,2026-03-18,call,320.0,0.0,0.0,1.04,2457.0,2379.0,0.062509375,,,,
GOOGL,2026-03-18,call,322.5,0.0,0.0,0.65,66.0,77.0,0.12500875,,,,
GOOGL,2026-03-18,call,325.0,0.0,0.0,0.42,67.0,85.0,0.12500875,,,,
GOOGL,2026-03-18,call,327.5,0.0,0.0,0.26,29.0,55.0,0.12500875,,,,
GOOGL,2026-03-18,call,330.0,0.0,0.0,0.27,5.0,161.0,0.12500875,,,,
GOOGL,2026-03-18,call,332.5,0.0,0.0,0.19,5.0,31.0,0.12500875,,,,
GOOGL,2026-03-18,call,335.0,0.0,0.0,0.09,4.0,19.0,0.12500875,,,,
GOOGL,2026-03-18,call,337.5,0.0,0.0,0.06,53.0,7.0,0.12500875,,,,
GOOGL,2026-03-18,call,340.0,0.0,0.0,0.03,21.0,122.0,0.12500875,,,,
GOOGL,2026-03-18,call,342.5,0.0,0.0,0.08,1.0,7.0,0.12500875,,,,
GOOGL,2026-03-18,call,345.0,0.0,0.0,0.07,7.0,7.0,0.2500075,,,,
GOOGL,2026-03-18,call,355.0,,,0.04,,,0.0,,,,
GOOGL,2026-03-18,call,360.0,0.0,0.0,0.05,,2.0,0.2500075,,,,
GOOGL,2026-03-18,call,370.0,0.0,0.0,0.04,,1.0,0.2500075,,,,
GOOGL,2026-03-18,put,235.0,0.0,0.0,0.09,,1.0,0.500005,,,,
GOOGL,2026-03-18,put,240.0,0.0,0.0,0.16,17.0,15.0,0.2500075,,,,
GOOGL,2026-03-18,put,247.5,0.0,0.0,0.22,6.0,6.0,0.2500075,,,,
GOOGL,2026-03-18,put,250.0,0.0,0.0,0.22,2.0,7.0,0.2500075,,,,
GOOGL,2026-03-18,put,252.5,,0.09,0.28,,,0.5976602734375001,,,,
GOOGL,2026-03-18,put,255.0,0.0,0.0,0.08,7.0,9.0,0.2500075,,,,
GOOGL,2026-03-18,put,257.5,0.0,0.0,0.34,,11.0,0.2500075,,,,
GOOGL,2026-03-18,put,260.0,0.0,0.0,0.1,9.0,26.0,0.2500075,,,,
GOOGL,2026-03-18,put,262.5,0.0,0.0,0.71,4.0,36.0,0.2500075,,,,
GOOGL,2026-03-18,put,265.0,0.0,0.0,0.14,2.0,34.0,0.2500075,,,,
GOOGL,2026-03-18,put,267.5,0.0,0.0,0.17,1.0,79.0,0.2500075,,,,
GOOGL,2026-03-18,put,270.0,0.0,0.0,0.18,2.0,829.0,0.2500075,,,,
GOOGL,2026-03-18,put,272.5,0.0,0.0,0.22,1.0,117.0,0.12500875,,,,
GOOGL,2026-03-18,put,275.0,0.0,0.0,0.27,6.0,62.0,0.12500875,,,,
GOOGL,2026-03-18,put,277.5,0.0,0.0,0.32,129.0,211.0,0.12500875,,,,
GOOGL,2026-03-18,put,280.0,0.0,0.0,0.33,2.0,146.0,0.12500875,,,,
GOOGL,2026-03-18,put,282.5,0.0,0.0,0.49,7.0,39.0,0.12500875,,,,
GOOGL,2026-03-18,put,285.0,0.0,0.0,0.59,105.0,213.0,0.12500875,,,,
GOOGL,2026-03-18,put,287.5,0.0,0.0,0.78,138.0,255.0,0.12500875,,,,
GOOGL,2026-03-18,put,290.0,0.0,0.0,0.92,136.0,181.0,0.062509375,,,,
GOOGL,2026-03-18,put,292.5,0.0,0.0,1.06,407.0,415.0,0.062509375,,,,
GOOGL,2026-03-18,put,295.0,0.0,0.0,1.5,247.0,262.0,0.062509375,,,,
GOOGL,2026-03-18,put,297.5,0.0,0.0,1.65,40.0,290.0,0.0312596875,,,,
GOOGL,2026-03-18,put,300.0,0.0,0.0,2.13,89.0,237.0,0.0312596875,,,,
GOOGL,2026-03-18,put,302.5,0.0,0.0,2.97,15.0,114.0,0.015634843750000002,,,,
GOOGL,2026-03-18,put,305.0,0.0,0.0,3.5,128.0,124.0,1.0000000000000003e-05,,,,
GOOGL,2026-03-18,put,307.5,0.0,0.0,4.7,141.0,125.0,1.0000000000000003e-05,,,,
GOOGL,2026-03-18,put,310.0,0.0,0.0,5.85,121.0,80.0,1.0000000000000003e-05,,,,
GOOGL,2026-03-18,put,312.5,0.0,0.0,7.1,42.0,23.0,1.0000000000000003e-05,,,,
GOOGL,2026-03-18,put,315.0,0.0,0.0,8.01,1.0,3.0,1.0000000000000003e-05,,,,
GOOGL,2026-03-18,put,317.5,0.0,0.0,10.0,28.0,18.0,1.0000000000000003e-05,,,,
GOOGL,2026-03-18,put,320.0,0.0,0.0,11.8,5.0,7.0,1.0000000000000003e-05,,,,
GOOGL,2026-03-18,put,325.0,0.0,0.0,25.22,,3.0,1.0000000000000003e-05,,,,
GOOGL,2026-03-18,put,330.0,0.0,0.0,31.0,1.0,1.0,1.0000000000000003e-05,,,,
GOOGL,2026-03-20,call,75.0,0.0,0.0,231.82,2.0,11.0,1.0000000000000003e-05,,,,
GOOGL,2026-03-20,call,80.0,225.4,229.1,254.05,1.0,5.0,5.098636439208983,,,,
GOOGL,2026-03-20,call,85.0,0.0,0.0,228.2,1.0,1.0,1.0000000000000003e-05,,,,
GOOGL,2026-03-20,call,90.0,219.2,223.2,240.5,1.0,10.0,5.901369810791017,,,,
GOOGL,2026-03-20,call,95.0,231.25,234.8,224.39,1.0,0.0,8.866703677062988,,,,
GOOGL,2026-03-20,call,100.0,0.0,0.0,208.0,1.0,37.0,1.0000000000000003e-05,,,,
GOOGL,2026-03-20,call,105.0,0.0,0.0,226.97,1.0,1.0,1.0000000000000003e-05,,,,
GOOGL,2026-03-20,call,110.0,0.0,0.0,198.25,3.0,18.0,1.0000000000000003e-05,,,,
GOOGL,2026-03-20,call,115.0,0.0,0.0,193.88,1.0,127.0,1.0000000000000003e-05,,,,
GOOGL,2026-03-20,call,120.0,0.0,0.0,178.0,1.0,1739.0,1.0000000000000003e-05,,,,
GOOGL,2026-03-20,call,125.0,0.0,0.0,187.25,5.0,100.0,1.0000000000000003e-05,,,,
GOOGL,2026-03-20,call,130.0,0.0,0.0,169.7,1.0,217.0,1.0000000000000003e-05,,,,
GOOGL,2026-03-20,call,135.0,0.0,0.0,165.25,2.0,330.0,1.0000000000000003e-05,,,,
GOOGL,2026-03-20,call,140.0,0.0,0.0,159.45,3.0,323.0,1.0000000000000003e-05,,,,
GOOGL,2026-03-20,call,145.0,0.0,0.0,154.71,1.0,657.0,1.0000000000000003e-05,,,,
GOOGL,2026-03-20,call,150.0,0.0,0.0,160.0,1.0,1411.0,1.0000000000000003e-05,,,,
GOOGL,2026-03-20,call,155.0,0.0,0.0,144.95,6.0,1241.0,1.0000000000000003e-05,,,,
GOOGL,2026-03-20,call,160.0,0.0,0.0,151.0,2.0,1128.0,1.0000000000000003e-05,,,,
GOOGL,2026-03-20,call,165.0,0.0,0.0,144.09,1.0,3358.0,1.0000000000000003e-05,,,,
GOOGL,2026-03-20,call,170.0,0.0,0.0,139.0,2.0,3267.0,1.0000000000000003e-05,,,,
GOOGL,2026-03-20,call,175.0,0.0,0.0,123.16,2.0,2394.0,1.0000000000000003e-05,,,,
GOOGL,2026-03-20,call,180.0,0.0,0.0,130.18,5.0,3357.0,1.0000000000000003e-05,,,,
GOOGL,2026-03-20,call,185.0,0.0,0.0,116.96,2.0,901.0,1.0000000000000003e-05,,,,
GOOGL,2026-03-20,call,190.0,0.0,0.0,118.2,1.0,2173.0,1.0000000000000003e-05,,,,
GOOGL,2026-03-20,call,195.0,0.0,0.0,113.9,12.0,1081.0,1.0000000000000003e-05,,,,
GOOGL,2026-03-20,call,200.0,0.0,0.0,108.25,7.0,4561.0,1.0000000000000003e-05,,,,
GOOGL,2026-03-20,call,205.0,0.0,0.0,102.7,5.0,3315.0,1.0000000000000003e-05,,,,
GOOGL,2026-03-20,call,210.0,0.0,0.0,98.45,3.0,1295.0,1.0000000000000003e-05,,,,
GOOGL,2026-03-20,call,215.0,0.0,0.0,93.45,1.0,1140.0,1.0000000000000003e-05,,,,
GOOGL,2026-03-20,call,220.0,0.0,0.0,87.15,5.0,1447.0,1.0000000000000003e-05,,,,
GOOGL,2026-03-20,call,225.0,0.0,0.0,83.25,2.0,1874.0,1.0000000000000003e-05,,,,
GOOGL,2026-03-20,call,230.0,0.0,0.0,78.65,3.0,2280.0,1.0000000000000003e-05,,,,
GOOGL,2026-03-20,call,235.0,0.0,0.0,74.8,1.0,1090.0,1.0000000000000003e-05,,,,
GOOGL,2026-03-20,call,240.0,0.0,0.0,70.32,9.0,5117.0,1.0000000000000003e-05,,,,
GOOGL,2026-03-20,call,245.0,0.0,0.0,65.4,5.0,2072.0,1.0000000000000003e-05,,,,
GOOGL,2026-03-20,call,250.0,0.0,0.0,59.0,39.0,2734.0,1.0000000000000003e-05,,,,
GOOGL,2026-03-20,call,255.0,0.0,0.0,54.42,2.0,1428.0,1.0000000000000003e-05,,,,
GOOGL,2026-03-20,call,260.0,0.0,0.0,48.34,19.0,2218.0,1.0000000000000003e-05,,,,
GOOGL,2026-03-20,call,265.0,0.0,0.0,43.72,23.0,843.0,1.0000000000000003e-05,,,,
GOOGL,2026-03-20,call,270.0,0.0,0.0,38.42,56.0,3358.0,1.0000000000000003e-05,,,,
GOOGL,2026-03-20,call,275.0,0.0,0.0,33.68,244.0,1462.0,1.0000000000000003e-05,,,,
GOOGL,2026-03-20,call,280.0,0.0,0.0,29.67,101.0,2437.0,1.0000000000000003e-05,,,,
GOOGL,2026-03-20,call,285.0,0.0,0.0,25.17,143.0,3058.0,1.0000000000000003e-05,,,,
GOOGL,2026-03-20,call,287.5,0.0,0.0,22.4,1.0,39.0,1.0000000000000003e-05,,,,
GOOGL,2026-03-20,call,290.0,0.0,0.0,20.0,164.0,4009.0,1.0000000000000003e-05,,,,
GOOGL,2026-03-20,call,292.5,0.0,0.0,17.28,11.0,106.0,1.0000000000000003e-05,,,,
GOOGL,2026-03-20,call,295.0,0.0,0.0,16.1,12.0,642.0,1.0000000000000003e-05,,,,
GOOGL,2026-03-20,call,297.5,0.0,0.0,13.05,32.0,541.0,1.0000000000000003e-05,,,,
GOOGL,2026-03-20,call,300.0,0.0,0.0,11.99,154.0,9774.0,1.0000000000000003e-05,,,,
GOOGL,2026-03-20,call,302.5,0.0,0.0,10.06,45.0,647.0,1.0000000000000003e-05,,,,
GOOGL,2026-03-20,call,305.0,0.0,0.0,8.46,555.0,5690.0,0.0004982763671875,,,,
GOOGL,2026-03-20,call,307.5,0.0,0.0,6.8,562.0,1118.0,0.015634843750000002,,,,
GOOGL,2026-03-20,call,310.0,0.0,0.0,5.55,2195.0,15923.0,0.0312596875,,,,
GOOGL,2026-03-20,call,312.5,0.0,0.0,4.3,626.0,1188.0,0.0312596875,,,,
GOOGL,2026-03-20,call,315.0,0.0,0.0,3.25,1837.0,5891.0,0.062509375,,,,
GOOGL,2026-03-20,call,317.5,0.0,0.0,2.5,383.0,1368.0,0.062509375,,,,
GOOGL,2026-03-20,call,320.0,0.0,0.0,1.8,7659.0,15542.0,0.062509375,,,,
GOOGL,2026-03-20,call,322.5,0.0,0.0,1.35,338.0,936.0,0.062509375,,,,
GOOGL,2026-03-20,call,325.0,0.0,0.0,1.01,1292.0,6404.0,0.12500875,,,,
GOOGL,2026-03-20,call,327.5,0.0,0.0,0.65,258.0,821.0,0.12500875,,,,
GOOGL,2026-03-20,call,330.0,0.0,0.0,0.46,678.0,11707.0,0.12500875,,,,
GOOGL,2026-03-20,call,332.5,0.0,0.0,0.34,41.0,565.0,0.12500875,,,,
GOOGL,2026-03-20,call,335.0,0.0,0.0,0.23,976.0,5171.0,0.12500875,,,,
GOOGL,2026-03-20,call,337.5,0.0,0.0,0.16,191.0,497.0,0.12500875,,,,
GOOGL,2026-03-20,call,340.0,0.0,0.0,0.12,376.0,19221.0,0.12500875,,,,
GOOGL,2026-03-20,call,345.0,0.0,0.0,0.06,179.0,2747.0,0.12500875,,,,
GOOGL,2026-03-20,call,350.0,0.0,0.0,0.04,664.0,17291.0,0.2500075,,,,
GOOGL,2026-03-20,call,355.0,0.0,0.0,0.02,66.0,2093.0,0.2500075,,,,
GOOGL,2026-03-20,call,360.0,0.0,0.0,0.03,84.0,7011.0,0.2500075,,,,
GOOGL,2026-03-20,call,365.0,0.0,0.0,0.02,15.0,1920.0,0.2500075,,,,
GOOGL,2026-03-20,call,370.0,0.0,0.0,0.02,13.0,7182.0,0.2500075,,,,
GOOGL,2026-03-20,call,375.0,0.0,0.0,0.01,107.0,5107.0,0.2500075,,,,
GOOGL,2026-03-20,call,380.0,0.0,0.0,0.02,20.0,22267.0,0.2500075,,,,
GOOGL,2026-03-20,call,385.0,0.0,0.0,0.05,4.0,1450.0,0.2500075,,,,
GOOGL,2026-03-20,call,390.0,0.0,0.0,0.06,3.0,4596.0,0.2500075,,,,
GOOGL,2026-03-20,call,395.0,0.0,0.0,0.01,2.0,606.0,0.2500075,,,,
GOOGL,2026-03-20,call,400.0,0.0,0.0,0.01,51.0,8231.0,0.2500075,,,,
GOOGL,2026-03-20,call,405.0,0.0,0.0,0.01,2.0,3819.0,0.2500075,,,,
GOOGL,2026-03-20,call,410.0,0.0,0.0,0.03,15.0,2909.0,0.500005,,,,
GOOGL,2026-03-20,call,415.0,0.0,0.0,0.01,1.0,2548.0,0.500005,,,,
GOOGL,2026-03-20,call,420.0,0.0,0.0,0.01,503.0,4771.0,0.500005,,,,
GOOGL,2026-03-20,call,425.0,0.0,0.0,0.02,1.0,779.0,0.500005,,,,
GOOGL,2026-03-20,call,430.0,0.0,0.0,0.01,5.0,1024.0,0.500005,,,,
GOOGL,2026-03-20,call,435.0,0.0,0.0,0.01,1.0,102.0,0.500005,,,,
GOOGL,2026-03-20,call,440.0,0.0,0.0,0.04,4.0,1477.0,0.500005,,,,
GOOGL,2026-03-20,call,445.0,0.0,0.0,0.02,2.0,118.0,0.500005,,,,
GOOGL,2026-03-20,call,450.0,0.0,0.0,0.01,1.0,2140.0,0.500005,,,,
GOOGL,2026-03-20,call,460.0,0.0,0.0,0.03,1.0,1351.0,0.500005,,,,
GOOGL,2026-03-20,call,470.0,0.0,0.0,0.01,10.0,540.0,0.500005,,,,
GOOGL,2026-03-20,call,480.0,0.0,0.0,0.01,2.0,5202.0,0.500005,,,,
GOOGL,2026-03-20,call,490.0,0.0,0.0,0.05,10.0,915.0,0.500005,,,,
GOOGL,2026-03-20,call,500.0,0.0,0.0,0.06,1.0,3068.0,0.500005,,,,
GOOGL,2026-03-20,call,510.0,0.0,0.0,0.01,10.0,482.0,0.500005,,,,
GOOGL,2026-03-20,call,520.0,0.0,0.0,0.01,12.0,212.0,0.500005,,,,
GOOGL,2026-03-20,call,530.0,0.0,0.0,0.02,10.0,187.0,0.500005,,,,
GOOGL,2026-03-20,call,540.0,0.0,0.0,0.01,25.0,955.0,0.500005,,,,
GOOGL,2026-03-20,call,550.0,0.0,0.0,0.01,1.0,62.0,0.500005,,,,
GOOGL,2026-03-20,call,560.0,0.0,0.0,0.05,1.0,46.0,0.500005,,,,
GOOGL,2026-03-20,call,570.0,0.0,0.0,0.06,16.0,2572.0,0.500005,,,,
GOOGL,2026-03-20,call,580.0,0.0,0.0,0.01,1.0,7.0,0.500005,,,,
GOOGL,2026-03-20,call,590.0,0.0,0.0,0.01,2.0,106.0,0.500005,,,,
GOOGL,2026-03-20,call,600.0,0.0,0.1,0.03,1.0,657.0,1.4765651171875,,,,
GOOGL,2026-03-20,put,75.0,0.0,0.0,0.01,3.0,496.0,0.500005,,,,
GOOGL,2026-03-20,put,80.0,0.0,0.0,0.01,10.0,91.0,0.500005,,,,
GOOGL,2026-03-20,put,85.0,0.0,0.0,0.01,10.0,465.0,1.000005,,,,
GOOGL,2026-03-20,put,90.0,0.0,0.0,0.01,9.0,473.0,0.500005,,,,
GOOGL,2026-03-20,put,95.0,0.0,0.0,0.01,13.0,816.0,0.500005,,,,
GOOGL,2026-03-20,put,100.0,0.0,0.0,0.01,1.0,2291.0,0.500005,,,,
GOOGL,2026-03-20,put,105.0,0.0,0.0,0.25,1.0,510.0,0.500005,,,,
GOOGL,2026-03-20,put,110.0,0.0,0.0,0.02,1.0,759.0,0.500005,,,,
GOOGL,2026-03-20,put,115.0,0.0,0.0,0.05,2.0,1822.0,0.500005,,,,
GOOGL,2026-03-20,put,120.0,0.0,0.0,0.23,1.0,1973.0,0.500005,,,,
GOOGL,2026-03-20,put,125.0,0.0,0.0,0.03,50.0,4596.0,0.500005,,,,
GOOGL,2026-03-20,put,130.0,0.0,0.0,0.01,42.0,8389.0,0.500005,,,,
GOOGL,2026-03-20,put,135.0,0.0,0.0,0.01,7.0,4150.0,0.500005,,,,
GOOGL,2026-03-20,put,140.0,0.0,0.0,0.01,10.0,5308.0,0.500005,,,,
GOOGL,2026-03-20,put,145.0,0.0,0.0,0.03,5.0,5911.0,0.500005,,,,
GOOGL,2026-03-20,put,150.0,0.0,0.0,0.02,1.0,7717.0,0.500005,,,,
GOOGL,2026-03-20,put,155.0,0.0,0.0,0.02,1.0,5103.0,0.500005,,,,
GOOGL,2026-03-20,put,160.0,0.0,0.0,0.02,1.0,3891.0,0.500005,,,,
GOOGL,2026-03-20,put,165.0,0.0,0.0,0.01,248.0,5971.0,0.500005,,,,
GOOGL,2026-03-20,put,170.0,0.0,0.0,0.02,183.0,2253.0,0.500005,,,,
GOOGL,2026-03-20,put,175.0,0.0,0.0,0.02,249.0,3660.0,0.500005,,,,
GOOGL,2026-03-20,put,180.0,0.0,0.0,0.02,1.0,4680.0,0.500005,,,,
GOOGL,2026-03-20,put,185.0,0.0,0.0,0.1,1.0,3832.0,0.500005,,,,
GOOGL,2026-03-20,put,190.0,0.0,0.0,0.03,2.0,1574.0,0.500005,,,,
GOOGL,2026-03-20,put,195.0,0.0,0.0,0.01,1.0,2696.0,0.500005,,,,
GOOGL,2026-03-20,put,200.0,0.0,0.0,0.01,8.0,8564.0,0.500005,,,,
GOOGL,2026-03-20,put,205.0,0.0,0.0,0.02,12.0,3048.0,0.500005,,,,
GOOGL,2026-03-20,put,210.0,0.0,0.0,0.01,16.0,5518.0,0.500005,,,,
GOOGL,2026-03-20,put,215.0,0.0,0.0,0.03,4.0,9538.0,0.500005,,,,
GOOGL,2026-03-20,put,220.0,0.0,0.0,0.06,10.0,4517.0,0.500005,,,,
GOOGL,2026-03-20,put,225.0,0.0,0.0,0.02,3.0,3786.0,0.500005,,,,
GOOGL,2026-03-20,put,230.0,0.0,0.0,0.02,14.0,8301.0,0.500005,,,,
GOOGL,2026-03-20,put,235.0,0.0,0.0,0.04,3.0,1652.0,0.2500075,,,,
GOOGL,2026-03-20,put,240.0,0.0,0.0,0.03,11.0,7509.0,0.2500075,,,,
GOOGL,2026-03-20,put,245.0,0.0,0.0,0.05,62.0,6809.0,0.2500075,,,,
GOOGL,2026-03-20,put,250.0,0.0,0.0,0.07,51.0,5501.0,0.2500075,,,,
GOOGL,2026-03-20,put,255.0,0.0,0.0,0.1,26.0,2554.0,0.2500075,,,,
GOOGL,2026-03-20,put,260.0,0.0,0.0,0.16,138.0,6602.0,0.2500075,,,,
GOOGL,2026-03-20,put,265.0,0.0,0.0,0.22,130.0,3861.0,0.2500075,,,,
GOOGL,2026-03-20,put,270.0,0.0,0.0,0.29,199.0,9446.0,0.12500875,,,,
GOOGL,2026-03-20,put,275.0,0.0,0.0,0.42,702.0,9826.0,0.12500875,,,,
GOOGL,2026-03-20,put,277.5,0.55,0.58,0.56,,,0.40772076660156253,,,,
GOOGL,2026-03-20,put,280.0,0.0,0.0,0.63,471.0,19955.0,0.12500875,,,,
GOOGL,2026-03-20,put,282.5,0.82,0.85,0.77,,,0.3825745336914062,,,,
GOOGL,2026-03-20,put,285.0,0.0,0.0,0.86,1553.0,7986.0,0.12500875,,,,
GOOGL,2026-03-20,put,287.5,0.0,0.0,1.05,161.0,882.0,0.062509375,,,,
GOOGL,2026-03-20,put,290.0,0.0,0.0,1.3,1085.0,8146.0,0.062509375,,,,
GOOGL,2026-03-20,put,292.5,0.0,0.0,1.57,334.0,1981.0,0.062509375,,,,
GOOGL,2026-03-20,put,295.0,0.0,0.0,1.95,853.0,6837.0,0.062509375,,,,
GOOGL,2026-03-20,put,297.5,0.0,0.0,2.4,310.0,1726.0,0.0312596875,,,,
GOOGL,2026-03-20,put,300.0,0.0,0.0,2.89,1511.0,12993.0,0.0312596875,,,,
GOOGL,2026-03-20,put,302.5,0.0,0.0,3.83,302.0,862.0,0.015634843750000002,,,,
GOOGL,2026-03-20,put,305.0,0.0,0.0,4.35,2413.0,8033.0,1.0000000000000003e-05,,,,
GOOGL,2026-03-20,put,307.5,0.0,0.0,5.22,891.0,1770.0,1.0000000000000003e-05,,,,
GOOGL,2026-03-20,put,310.0,0.0,0.0,6.4,4110.0,7741.0,1.0000000000000003e-05,,,,
GOOGL,2026-03-20,put,312.5,0.0,0.0,8.15,230.0,847.0,1.0000000000000003e-05,,,,
GOOGL,2026-03-20,put,315.0,0.0,0.0,9.65,390.0,3876.0,1.0000000000000003e-05,,,,
GOOGL,2026-03-20,put,317.5,0.0,0.0,10.85,2.0,204.0,1.0000000000000003e-05,,,,
GOOGL,2026-03-20,put,320.0,0.0,0.0,13.18,245.0,10436.0,1.0000000000000003e-05,,,,
GOOGL,2026-03-20,put,322.5,0.0,0.0,14.5,24.0,133.0,1.0000000000000003e-05,,,,
GOOGL,2026-03-20,put,325.0,0.0,0.0,17.43,77.0,3135.0,1.0000000000000003e-05,,,,
GOOGL,2026-03-20,put,327.5,0.0,0.0,19.5,2.0,92.0,1.0000000000000003e-05,,,,
GOOGL,2026-03-20,put,330.0,0.0,0.0,22.05,62.0,2215.0,1.0000000000000003e-05,,,,
GOOGL,2026-03-20,put,332.5,0.0,0.0,25.67,2.0,15.0,1.0000000000000003e-05,,,,
GOOGL,2026-03-20,put,335.0,0.0,0.0,27.16,193.0,1476.0,1.0000000000000003e-05,,,,
GOOGL,2026-03-20,put,337.5,0.0,0.0,34.7,13.0,3.0,1.0000000000000003e-05,,,,
GOOGL,2026-03-20,put,340.0,0.0,0.0,32.15,48.0,321.0,1.0000000000000003e-05,,,,
GOOGL,2026-03-20,put,345.0,0.0,0.0,38.25,1.0,43.0,1.0000000000000003e-05,,,,
GOOGL,2026-03-20,put,350.0,0.0,0.0,47.31,3.0,4.0,1.0000000000000003e-05,,,,
GOOGL,2026-03-20,put,355.0,0.0,0.0,44.26,2.0,0.0,1.0000000000000003e-05,,,,
GOOGL,2026-03-20,put,360.0,0.0,0.0,48.28,1.0,7.0,1.0000000000000003e-05,,,,
GOOGL,2026-03-20,put,365.0,0.0,0.0,53.03,2.0,0.0,1.0000000000000003e-05,,,,
GOOGL,2026-03-20,put,370.0,0.0,0.0,60.43,1.0,0.0,1.0000000000000003e-05,,,,
GOOGL,2026-03-20,put,375.0,0.0,0.0,64.01,1.0,0.0,1.0000000000000003e-05,,,,
GOOGL,2026-03-20,put,380.0,0.0,0.0,61.25,19.0,0.0,1.0000000000000003e-05,,,,
GOOGL,2026-03-20,put,385.0,0.0,0.0,65.08,210.0,0.0,1.0000000000000003e-05,,,,
GOOGL,2026-03-20,put,390.0,0.0,0.0,70.08,210.0,0.0,1.0000000000000003e-05,,,,
GOOGL,2026-03-20,put,395.0,0.0,0.0,71.49,20.0,0.0,1.0000000000000003e-05,,,,
GOOGL,2026-03-20,put,400.0,0.0,0.0,80.05,4.0,0.0,1.0000000000000003e-05,,,,
GOOGL,2026-03-20,put,410.0,0.0,0.0,73.3,20.0,0.0,1.0000000000000003e-05,,,,
GOOGL,2026-03-20,put,415.0,0.0,0.0,71.14,,0.0,1.0000000000000003e-05,,,,
GOOGL,2026-03-20,put,420.0,0.0,0.0,87.35,190.0,0.0,1.0000000000000003e-05,,,,
GOOGL,2026-03-20,put,500.0,160.6,164.1,185.86,,0.0,1.0000000000000003e-05,,,,
GOOGL,2026-03-23,call,290.0,20.55,22.85,20.82,,,0.5980264807128908,,,,
GOOGL,2026-03-23,call,295.0,16.6,17.3,16.51,,,0.5199022619628906,,,,
GOOGL,2026-03-23,call,300.0,12.3,13.15,12.25,,,0.4792532543945312,,,,
GOOGL,2026-03-23,call,305.0,8.75,9.1,9.02,,,0.41345801391601555,,,,
GOOGL,2026-03-23,call,310.0,6.2,6.5,6.17,,,0.3953307537841797,,,,
GOOGL,2026-03-23,call,315.0,3.7,4.2,4.25,,,0.3688417608642578,,,,
GOOGL,2026-03-23,call,320.0,2.16,2.49,2.52,,,0.34570966796874997,,,,
GOOGL,2026-03-23,call,325.0,1.34,1.54,1.52,,,0.3415593188476562,,,,
GOOGL,2026-03-23,call,330.0,0.63,1.02,0.7,,,0.34888346435546874,,,,
GOOGL,2026-03-23,put,250.0,,,0.27,,,0.0,,,,
GOOGL,2026-03-23,put,270.0,0.31,0.54,1.39,,,0.42529871582031253,,,,
GOOGL,2026-03-23,put,275.0,0.45,0.68,0.65,2.0,,0.393560751953125,,,,
GOOGL,2026-03-23,put,280.0,0.71,1.08,0.82,5.0,,0.38403936279296874,,,,
GOOGL,2026-03-23,put,290.0,1.69,1.87,4.23,,,0.3220282641601562,,,,
GOOGL,2026-03-23,put,295.0,2.51,2.46,2.7,,,0.28626202026367187,,,,
GOOGL,2026-03-23,put,300.0,3.35,,3.57,,,0.2503737072753906,,,,
GOOGL,2026-03-23,put,305.0,4.7,5.05,5.27,,,0.2280350634765625,,,,
GOOGL,2026-03-23,put,310.0,6.5,7.1,8.5,,,0.18421225952148437,,,,
GOOGL,2026-03-23,put,315.0,9.55,9.85,17.12,,,1.0000000000000003e-05,,,,
GOOGL,2026-03-23,put,325.0,,,23.85,,,0.0,,,,
GOOGL,2026-03-27,call,120.0,0.0,0.0,180.42,,1.0,1.0000000000000003e-05,,,,
GOOGL,2026-03-27,call,140.0,0.0,0.0,163.63,,2.0,1.0000000000000003e-05,,,,
GOOGL,2026-03-27,call,145.0,0.0,0.0,170.97,3.0,3.0,1.0000000000000003e-05,,,,
GOOGL,2026-03-27,call,150.0,0.0,0.0,149.33,,1.0,1.0000000000000003e-05,,,,
GOOGL,2026-03-27,call,165.0,0.0,0.0,135.56,1.0,3.0,1.0000000000000003e-05,,,,
GOOGL,2026-03-27,call,170.0,0.0,0.0,137.23,2.0,2.0,1.0000000000000003e-05,,,,
GOOGL,2026-03-27,call,180.0,0.0,0.0,118.49,1.0,1.0,1.0000000000000003e-05,,,,
GOOGL,2026-03-27,call,195.0,0.0,0.0,104.22,1.0,1.0,1.0000000000000003e-05,,,,
GOOGL,2026-03-27,call,200.0,0.0,0.0,106.74,,2.0,1.0000000000000003e-05,,,,
GOOGL,2026-03-27,call,205.0,0.0,0.0,93.9,3.0,6.0,1.0000000000000003e-05,,,,
GOOGL,2026-03-27,call,210.0,0.0,0.0,97.97,4.0,14.0,1.0000000000000003e-05,,,,
GOOGL,2026-03-27,call,215.0,0.0,0.0,87.49,2.0,3.0,1.0000000000000003e-05,,,,
GOOGL,2026-03-27,call,220.0,0.0,0.0,89.6,1.0,20.0,1.0000000000000003e-05,,,,
GOOGL,2026-03-27,call,225.0,0.0,0.0,87.07,,1.0,1.0000000000000003e-05,,,,
GOOGL,2026-03-27,call,230.0,0.0,0.0,69.59,100.0,3.0,1.0000000000000003e-05,,,,
GOOGL,2026-03-27,call,235.0,0.0,0.0,64.75,100.0,9.0,1.0000000000000003e-05,,,,
GOOGL,2026-03-27,call,240.0,0.0,0.0,59.89,158.0,8.0,1.0000000000000003e-05,,,,
GOOGL,2026-03-27,call,245.0,0.0,0.0,57.64,174.0,19.0,1.0000000000000003e-05,,,,
GOOGL,2026-03-27,call,250.0,0.0,0.0,60.0,1.0,26.0,1.0000000000000003e-05,,,,
GOOGL,2026-03-27,call,255.0,0.0,0.0,45.77,1.0,9.0,1.0000000000000003e-05,,,,
GOOGL,2026-03-27,call,260.0,0.0,0.0,49.21,118.0,55.0,1.0000000000000003e-05,,,,
GOOGL,2026-03-27,call,265.0,42.65,,33.77,,,0.6252478881835939,,,,
GOOGL,2026-03-27,call,270.0,0.0,0.0,39.76,84.0,38.0,1.0000000000000003e-05,,,,
GOOGL,2026-03-27,call,275.0,0.0,0.0,35.09,84.0,29.0,1.0000000000000003e-05,,,,
GOOGL,2026-03-27,call,280.0,0.0,0.0,30.72,24.0,51.0,1.0000000000000003e-05,,,,
GOOGL,2026-03-27,call,285.0,0.0,0.0,24.94,2.0,43.0,1.0000000000000003e-05,,,,
GOOGL,2026-03-27,call,290.0,0.0,0.0,22.44,11.0,100.0,1.0000000000000003e-05,,,,
GOOGL,2026-03-27,call,292.5,19.2,19.45,17.4,,,0.4901174035644532,,,,
GOOGL,2026-03-27,call,295.0,0.0,0.0,18.15,4.0,159.0,1.0000000000000003e-05,,,,
GOOGL,2026-03-27,call,297.5,15.4,15.6,15.8,,,0.45667047241210945,,,,
GOOGL,2026-03-27,call,300.0,0.0,0.0,13.36,40.0,681.0,1.0000000000000003e-05,,,,
GOOGL,2026-03-27,call,302.5,11.95,12.05,12.42,,,0.4248714739990235,,,,
GOOGL,2026-03-27,call,305.0,0.0,0.0,10.28,227.0,869.0,0.00025413818359375,,,,
GOOGL,2026-03-27,call,307.5,8.85,9.0,9.57,,,0.3996642065429688,,,,
GOOGL,2026-03-27,call,310.0,0.0,0.0,7.62,249.0,1550.0,0.015634843750000002,,,,
GOOGL,2026-03-27,call,312.5,6.6,6.75,6.7,,,0.39075316284179684,,,,
GOOGL,2026-03-27,call,315.0,0.0,0.0,5.51,516.0,1371.0,0.0312596875,,,,
GOOGL,2026-03-27,call,317.5,4.5,4.65,4.55,,,0.37140521179199215,,,,
GOOGL,2026-03-27,call,320.0,0.0,0.0,3.41,1096.0,1282.0,0.062509375,,,,
GOOGL,2026-03-27,call,322.5,2.81,2.87,3.0,,,0.3460758752441406,,,,
GOOGL,2026-03-27,call,325.0,0.0,0.0,1.91,127.0,1483.0,0.062509375,,,,
GOOGL,2026-03-27,call,330.0,0.0,0.0,1.25,353.0,1471.0,0.062509375,,,,
GOOGL,2026-03-27,call,335.0,0.0,0.0,0.73,180.0,1968.0,0.12500875,,,,
GOOGL,2026-03-27,call,340.0,0.0,0.0,0.41,257.0,1165.0,0.12500875,,,,
GOOGL,2026-03-27,call,345.0,0.0,0.0,0.25,80.0,753.0,0.12500875,,,,
GOOGL,2026-03-27,call,350.0,0.0,0.0,0.16,69.0,2598.0,0.12500875,,,,
GOOGL,2026-03-27,call,355.0,0.0,0.0,0.1,5.0,715.0,0.12500875,,,,
GOOGL,2026-03-27,call,360.0,0.0,0.0,0.08,12.0,386.0,0.12500875,,,,
GOOGL,2026-03-27,call,365.0,0.0,0.0,0.09,3.0,98.0,0.12500875,,,,
GOOGL,2026-03-27,call,370.0,0.0,0.0,0.02,1.0,146.0,0.2500075,,,,
GOOGL,2026-03-27,call,375.0,0.0,0.0,0.05,5.0,161.0,0.2500075,,,,
GOOGL,2026-03-27,call,380.0,0.0,0.0,0.03,2.0,133.0,0.2500075,,,,
GOOGL,2026-03-27,call,385.0,0.0,0.0,0.03,1.0,62.0,0.2500075,,,,
GOOGL,2026-03-27,call,390.0,0.0,0.0,0.07,2.0,54.0,0.2500075,,,,
GOOGL,2026-03-27,call,395.0,0.0,0.0,0.11,36.0,141.0,0.2500075,,,,
GOOGL,2026-03-27,call,400.0,0.0,0.0,0.06,6.0,37.0,0.2500075,,,,
GOOGL,2026-03-27,call,405.0,0.0,0.0,0.11,32.0,112.0,0.2500075,,,,
GOOGL,2026-03-27,call,410.0,0.0,0.0,0.06,90.0,172.0,0.2500075,,,,
GOOGL,2026-03-27,call,425.0,0.0,0.0,0.07,80.0,113.0,0.2500075,,,,
GOOGL,2026-03-27,call,430.0,0.0,0.0,0.03,3.0,1.0,0.2500075,,,,
GOOGL,2026-03-27,call,435.0,0.0,0.0,0.06,1.0,0.0,0.2500075,,,,
GOOGL,2026-03-27,call,440.0,0.0,0.0,0.07,,4.0,0.2500075,,,,
GOOGL,2026-03-27,call,445.0,0.0,0.0,0.02,2.0,2.0,0.2500075,,,,
GOOGL,2026-03-27,call,450.0,0.0,0.0,0.08,81.0,129.0,0.500005,,,,
GOOGL,2026-03-27,put,150.0,0.0,0.0,0.03,,13.0,0.500005,,,,
GOOGL,2026-03-27,put,160.0,0.0,0.0,0.06,,419.0,0.500005,,,,
GOOGL,2026-03-27,put,165.0,0.0,0.0,0.01,24.0,80.0,0.500005,,,,
GOOGL,2026-03-27,put,170.0,0.0,0.0,0.05,4.0,99.0,0.500005,,,,
GOOGL,2026-03-27,put,175.0,0.0,0.0,0.04,3.0,3.0,0.500005,,,,
GOOGL,2026-03-27,put,180.0,0.0,0.0,0.1,40.0,56.0,0.500005,,,,
GOOGL,2026-03-27,put,185.0,0.0,0.0,0.04,2.0,167.0,0.500005,,,,
GOOGL,2026-03-27,put,190.0,0.0,0.0,0.06,,600.0,0.500005,,,,
GOOGL,2026-03-27,put,195.0,0.0,0.0,0.03,2.0,73.0,0.500005,,,,
GOOGL,2026-03-27,put,200.0,0.0,0.0,0.07,2.0,127.0,0.500005,,,,
GOOGL,2026-03-27,put,205.0,0.0,0.0,0.02,1.0,196.0,0.500005,,,,
GOOGL,2026-03-27,put,210.0,0.0,0.0,0.06,4.0,16.0,0.2500075,,,,
GOOGL,2026-03-27,put,215.0,0.0,0.0,0.05,1.0,73.0,0.2500075,,,,
GOOGL,2026-03-27,put,220.0,0.0,0.0,0.04,5.0,89.0,0.2500075,,,,
GOOGL,2026-03-27,put,225.0,0.0,0.0,0.05,12.0,153.0,0.2500075,,,,
GOOGL,2026-03-27,put,230.0,0.0,0.0,0.07,19.0,128.0,0.2500075,,,,
GOOGL,2026-03-27,put,235.0,0.0,0.0,0.1,3.0,149.0,0.2500075,,,,
GOOGL,2026-03-27,put,240.0,0.0,0.0,0.15,27.0,162.0,0.2500075,,,,
GOOGL,2026-03-27,put,245.0,0.0,0.0,0.18,1.0,165.0,0.2500075,,,,
GOOGL,2026-03-27,put,250.0,0.0,0.0,0.23,29.0,1573.0,0.2500075,,,,
GOOGL,2026-03-27,put,255.0,0.0,0.0,0.35,17.0,178.0,0.12500875,,,,
GOOGL,2026-03-27,put,260.0,0.0,0.0,0.41,17.0,325.0,0.12500875,,,,
GOOGL,2026-03-27,put,265.0,0.0,0.0,0.59,49.0,3381.0,0.12500875,,,,
GOOGL,2026-03-27,put,270.0,0.0,0.0,0.75,75.0,1494.0,0.12500875,,,,
GOOGL,2026-03-27,put,275.0,0.0,0.0,1.01,165.0,750.0,0.12500875,,,,
GOOGL,2026-03-27,put,277.5,1.25,1.29,1.51,,,0.37622694091796877,,,,
GOOGL,2026-03-27,put,280.0,0.0,0.0,1.42,71.0,1275.0,0.062509375,,,,
GOOGL,2026-03-27,put,282.5,1.7,1.76,1.7,,,0.3579165771484375,,,,
GOOGL,2026-03-27,put,285.0,0.0,0.0,1.86,132.0,1113.0,0.062509375,,,,
GOOGL,2026-03-27,put,287.5,2.33,2.38,2.53,,,0.33838552246093745,,,,
GOOGL,2026-03-27,put,290.0,0.0,0.0,2.65,112.0,3716.0,0.062509375,,,,
GOOGL,2026-03-27,put,292.5,2.98,3.05,3.04,,,0.31018756225585936,,,,
GOOGL,2026-03-27,put,295.0,0.0,0.0,3.65,83.0,546.0,0.0312596875,,,,
GOOGL,2026-03-27,put,297.5,4.05,4.15,4.15,,,0.28943581665039053,,,,
GOOGL,2026-03-27,put,300.0,0.0,0.0,4.75,144.0,1155.0,0.015634843750000002,,,,
GOOGL,2026-03-27,put,302.5,5.8,5.95,5.55,,,0.28040270385742183,,,,
GOOGL,2026-03-27,put,305.0,0.0,0.0,6.6,225.0,648.0,1.0000000000000003e-05,,,,
GOOGL,2026-03-27,put,307.5,7.4,7.55,7.91,,,0.24231714721679687,,,,
GOOGL,2026-03-27,put,310.0,0.0,0.0,8.55,131.0,580.0,1.0000000000000003e-05,,,,
GOOGL,2026-03-27,put,312.5,9.8,10.0,10.8,,,0.21009090698242186,,,,
GOOGL,2026-03-27,put,315.0,0.0,0.0,11.58,13.0,152.0,1.0000000000000003e-05,,,,
GOOGL,2026-03-27,put,320.0,0.0,0.0,14.85,7.0,205.0,1.0000000000000003e-05,,,,
GOOGL,2026-03-27,put,325.0,0.0,0.0,17.3,22.0,131.0,1.0000000000000003e-05,,,,
GOOGL,2026-03-27,put,330.0,0.0,0.0,23.67,4.0,284.0,1.0000000000000003e-05,,,,
GOOGL,2026-03-27,put,335.0,0.0,0.0,28.1,3.0,35.0,1.0000000000000003e-05,,,,
GOOGL,2026-03-27,put,340.0,0.0,0.0,34.82,54.0,86.0,1.0000000000000003e-05,,,,
GOOGL,2026-03-27,put,345.0,0.0,0.0,39.67,108.0,0.0,1.0000000000000003e-05,,,,
GOOGL,2026-03-27,put,350.0,0.0,0.0,44.63,54.0,0.0,1.0000000000000003e-05,,,,
GOOGL,2026-03-27,put,355.0,0.0,0.0,51.3,1.0,0.0,1.0000000000000003e-05,,,,
GOOGL,2026-03-27,put,360.0,0.0,0.0,51.8,130.0,15.0,1.0000000000000003e-05,,,,
GOOGL,2026-03-27,put,365.0,0.0,0.0,58.68,,0.0,1.0000000000000003e-05,,,,
GOOGL,2026-03-27,put,370.0,0.0,0.0,61.8,130.0,65.0,1.0000000000000003e-05,,,,
GOOGL,2026-03-27,put,375.0,0.0,0.0,59.74,,0.0,1.0000000000000003e-05,,,,
GOOGL,2026-03-27,put,390.0,0.0,0.0,87.25,,0.0,1.0000000000000003e-05,,,,
GOOGL,2026-04-02,call,155.0,0.0,0.0,145.49,,1.0,1.0000000000000003e-05,,,,
GOOGL,2026-04-02,call,160.0,0.0,0.0,147.0,,1.0,1.0000000000000003e-05,,,,
GOOGL,2026-04-02,call,175.0,0.0,0.0,124.67,4.0,4.0,1.0000000000000003e-05,,,,
GOOGL,2026-04-02,call,195.0,0.0,0.0,116.97,,5.0,1.0000000000000003e-05,,,,
GOOGL,2026-04-02,call,200.0,0.0,0.0,98.94,1.0,1.0,1.0000000000000003e-05,,,,
GOOGL,2026-04-02,call,210.0,0.0,0.0,98.12,4.0,4.0,1.0000000000000003e-05,,,,
GOOGL,2026-04-02,call,220.0,0.0,0.0,79.72,1.0,2.0,1.0000000000000003e-05,,,,
GOOGL,2026-04-02,call,230.0,0.0,0.0,86.2,1.0,2.0,1.0000000000000003e-05,,,,
GOOGL,2026-04-02,call,240.0,0.0,0.0,60.35,2.0,6.0,1.0000000000000003e-05,,,,
GOOGL,2026-04-02,call,250.0,0.0,0.0,60.18,86.0,33.0,1.0000000000000003e-05,,,,
GOOGL,2026-04-02,call,255.0,0.0,0.0,55.37,86.0,38.0,1.0000000000000003e-05,,,,
GOOGL,2026-04-02,call,260.0,0.0,0.0,45.71,2.0,2.0,1.0000000000000003e-05,,,,
GOOGL,2026-04-02,call,265.0,0.0,0.0,42.15,2.0,15.0,1.0000000000000003e-05,,,,
GOOGL,2026-04-02,call,270.0,0.0,0.0,32.55,1.0,28.0,1.0000000000000003e-05,,,,
GOOGL,2026-04-02,call,275.0,0.0,0.0,36.15,32.0,30.0,1.0000000000000003e-05,,,,
GOOGL,2026-04-02,call,280.0,0.0,0.0,31.61,13.0,21.0,1.0000000000000003e-05,,,,
GOOGL,2026-04-02,call,285.0,0.0,0.0,26.76,2.0,62.0,1.0000000000000003e-05,,,,
GOOGL,2026-04-02,call,290.0,0.0,0.0,22.48,5.0,100.0,1.0000000000000003e-05,,,,
GOOGL,2026-04-02,call,295.0,0.0,0.0,19.65,33.0,118.0,1.0000000000000003e-05,,,,
GOOGL,2026-04-02,call,300.0,0.0,0.0,15.19,28.0,797.0,1.0000000000000003e-05,,,,
GOOGL,2026-04-02,call,305.0,0.0,0.0,11.87,82.0,1003.0,0.0004982763671875,,,,
GOOGL,2026-04-02,call,310.0,0.0,0.0,9.05,132.0,844.0,0.015634843750000002,,,,
GOOGL,2026-04-02,call,315.0,0.0,0.0,6.3,64.0,304.0,0.0312596875,,,,
GOOGL,2026-04-02,call,320.0,0.0,0.0,4.61,244.0,507.0,0.0312596875,,,,
GOOGL,2026-04-02,call,325.0,0.0,0.0,3.2,121.0,887.0,0.062509375,,,,
GOOGL,2026-04-02,call,330.0,0.0,0.0,2.01,152.0,805.0,0.062509375,,,,
GOOGL,2026-04-02,call,335.0,0.0,0.0,1.27,76.0,527.0,0.062509375,,,,
GOOGL,2026-04-02,call,340.0,0.0,0.0,0.82,173.0,1237.0,0.12500875,,,,
GOOGL,2026-04-02,call,345.0,0.0,0.0,0.51,73.0,894.0,0.12500875,,,,
GOOGL,2026-04-02,call,350.0,0.0,0.0,0.36,6.0,588.0,0.12500875,,,,
GOOGL,2026-04-02,call,355.0,0.0,0.0,0.26,24.0,717.0,0.12500875,,,,
GOOGL,2026-04-02,call,360.0,0.0,0.0,0.15,72.0,307.0,0.12500875,,,,
GOOGL,2026-04-02,call,365.0,0.0,0.0,0.13,32.0,82.0,0.12500875,,,,
GOOGL,2026-04-02,call,370.0,0.0,0.0,0.08,1.0,44.0,0.12500875,,,,
GOOGL,2026-04-02,call,375.0,0.0,0.0,0.06,6.0,26.0,0.12500875,,,,
GOOGL,2026-04-02,call,380.0,0.0,0.0,0.06,9.0,48.0,0.2500075,,,,
GOOGL,2026-04-02,call,385.0,0.0,0.0,0.05,3.0,19.0,0.2500075,,,,
GOOGL,2026-04-02,call,390.0,0.0,0.0,0.06,1.0,4.0,0.2500075,,,,
GOOGL,2026-04-02,call,395.0,0.0,0.0,0.25,,1.0,0.2500075,,,,
GOOGL,2026-04-02,call,400.0,0.0,0.0,0.05,1.0,48.0,0.2500075,,,,
GOOGL,2026-04-02,call,405.0,0.0,0.0,0.04,1.0,0.0,0.2500075,,,,
GOOGL,2026-04-02,call,410.0,0.0,0.0,0.2,1.0,1.0,0.2500075,,,,
GOOGL,2026-04-02,call,415.0,0.0,0.0,0.1,,1.0,0.2500075,,,,
GOOGL,2026-04-02,call,430.0,0.0,0.0,0.08,13.0,17.0,0.2500075,,,,
GOOGL,2026-04-02,call,435.0,0.0,0.0,0.08,1.0,0.0,0.2500075,,,,
GOOGL,2026-04-02,call,445.0,0.0,0.0,0.06,2.0,2.0,0.2500075,,,,
GOOGL,2026-04-02,call,450.0,0.0,0.0,0.05,3.0,3.0,0.2500075,,,,
GOOGL,2026-04-02,put,120.0,0.0,0.0,0.38,,1.0,0.500005,,,,
GOOGL,2026-04-02,put,150.0,0.0,0.0,0.03,,3.0,0.500005,,,,
GOOGL,2026-04-02,put,170.0,0.0,0.0,0.09,3.0,6.0,0.500005,,,,
GOOGL,2026-04-02,put,175.0,0.0,0.0,0.07,,3.0,0.500005,,,,
GOOGL,2026-04-02,put,180.0,0.0,0.0,0.06,4.0,9.0,0.500005,,,,
GOOGL,2026-04-02,put,185.0,0.0,0.0,0.04,,2.0,0.500005,,,,
GOOGL,2026-04-02,put,200.0,0.0,0.0,0.04,1.0,57.0,0.2500075,,,,
GOOGL,2026-04-02,put,205.0,0.0,0.0,0.22,,3.0,0.2500075,,,,
GOOGL,2026-04-02,put,210.0,0.0,0.0,0.17,1.0,2.0,0.2500075,,,,
GOOGL,2026-04-02,put,215.0,0.0,0.0,0.07,1.0,22.0,0.2500075,,,,
GOOGL,2026-04-02,put,220.0,0.0,0.0,0.09,6.0,35.0,0.2500075,,,,
GOOGL,2026-04-02,put,225.0,0.0,0.0,0.11,1.0,21.0,0.2500075,,,,
GOOGL,2026-04-02,put,230.0,0.0,0.0,0.47,1.0,115.0,0.2500075,,,,
GOOGL,2026-04-02,put,235.0,0.0,0.0,0.21,3.0,21.0,0.2500075,,,,
GOOGL,2026-04-02,put,240.0,0.0,0.0,0.29,30.0,141.0,0.2500075,,,,
GOOGL,2026-04-02,put,245.0,0.0,0.0,0.33,12.0,62.0,0.2500075,,,,
GOOGL,2026-04-02,put,250.0,0.0,0.0,0.45,22.0,108.0,0.12500875,,,,
GOOGL,2026-04-02,put,255.0,0.0,0.0,0.52,2247.0,1537.0,0.12500875,,,,
GOOGL,2026-04-02,put,260.0,0.0,0.0,0.68,17.0,739.0,0.12500875,,,,
GOOGL,2026-04-02,put,265.0,0.0,0.0,0.91,45.0,10693.0,0.12500875,,,,
GOOGL,2026-04-02,put,270.0,0.0,0.0,1.19,221.0,983.0,0.12500875,,,,
GOOGL,2026-04-02,put,275.0,0.0,0.0,1.54,22.0,669.0,0.12500875,,,,
GOOGL,2026-04-02,put,280.0,0.0,0.0,2.15,41.0,385.0,0.062509375,,,,
GOOGL,2026-04-02,put,285.0,0.0,0.0,2.7,41.0,702.0,0.062509375,,,,
GOOGL,2026-04-02,put,290.0,0.0,0.0,3.6,46.0,476.0,0.062509375,,,,
GOOGL,2026-04-02,put,295.0,0.0,0.0,4.5,94.0,432.0,0.0312596875,,,,
GOOGL,2026-04-02,put,300.0,0.0,0.0,5.85,50.0,407.0,0.015634843750000002,,,,
GOOGL,2026-04-02,put,305.0,0.0,0.0,7.8,96.0,428.0,1.0000000000000003e-05,,,,
GOOGL,2026-04-02,put,310.0,0.0,0.0,9.98,57.0,10229.0,1.0000000000000003e-05,,,,
GOOGL,2026-04-02,put,315.0,0.0,0.0,12.6,21.0,183.0,1.0000000000000003e-05,,,,
GOOGL,2026-04-02,put,320.0,0.0,0.0,14.0,1.0,60.0,1.0000000000000003e-05,,,,
GOOGL,2026-04-02,put,325.0,0.0,0.0,18.75,1.0,60.0,1.0000000000000003e-05,,,,
GOOGL,2026-04-02,put,330.0,0.0,0.0,24.46,100.0,169.0,1.0000000000000003e-05,,,,
GOOGL,2026-04-02,put,335.0,0.0,0.0,32.8,2.0,54.0,1.0000000000000003e-05,,,,
GOOGL,2026-04-02,put,340.0,0.0,0.0,32.27,18.0,28.0,1.0000000000000003e-05,,,,
GOOGL,2026-04-02,put,345.0,0.0,0.0,37.06,18.0,20.0,1.0000000000000003e-05,,,,
GOOGL,2026-04-02,put,350.0,0.0,0.0,42.3,1.0,2.0,1.0000000000000003e-05,,,,
GOOGL,2026-04-02,put,355.0,0.0,0.0,50.37,1.0,0.0,1.0000000000000003e-05,,,,
GOOGL,2026-04-02,put,365.0,0.0,0.0,54.06,,0.0,1.0000000000000003e-05,,,,
GOOGL,2026-04-10,call,180.0,0.0,0.0,128.32,,2.0,1.0000000000000003e-05,,,,
GOOGL,2026-04-10,call,195.0,0.0,0.0,105.51,2.0,5.0,1.0000000000000003e-05,,,,
GOOGL,2026-04-10,call,200.0,0.0,0.0,104.27,,4.0,1.0000000000000003e-05,,,,
GOOGL,2026-04-10,call,210.0,0.0,0.0,90.6,1.0,1.0,1.0000000000000003e-05,,,,
GOOGL,2026-04-10,call,215.0,0.0,0.0,85.8,1.0,1.0,1.0000000000000003e-05,,,,
GOOGL,2026-04-10,call,220.0,0.0,0.0,80.16,2.0,2.0,1.0000000000000003e-05,,,,
GOOGL,2026-04-10,call,235.0,0.0,0.0,74.87,1.0,1.0,1.0000000000000003e-05,,,,
GOOGL,2026-04-10,call,240.0,0.0,0.0,61.38,3.0,3.0,1.0000000000000003e-05,,,,
GOOGL,2026-04-10,call,250.0,0.0,0.0,59.05,1.0,2.0,1.0000000000000003e-05,,,,
GOOGL,2026-04-10,call,255.0,0.0,0.0,55.33,,1.0,1.0000000000000003e-05,,,,
GOOGL,2026-04-10,call,260.0,0.0,0.0,46.8,,1.0,1.0000000000000003e-05,,,,
GOOGL,2026-04-10,call,270.0,0.0,0.0,36.17,23.0,18.0,1.0000000000000003e-05,,,,
GOOGL,2026-04-10,call,275.0,0.0,0.0,34.7,5.0,15.0,1.0000000000000003e-05,,,,
GOOGL,2026-04-10,call,280.0,0.0,0.0,25.6,2.0,6.0,1.0000000000000003e-05,,,,
GOOGL,2026-04-10,call,285.0,0.0,0.0,27.9,10.0,25.0,1.0000000000000003e-05,,,,
GOOGL,2026-04-10,call,290.0,0.0,0.0,22.75,16.0,39.0,1.0000000000000003e-05,,,,
GOOGL,2026-04-10,call,295.0,0.0,0.0,21.0,2.0,74.0,1.0000000000000003e-05,,,,
GOOGL,2026-04-10,call,300.0,0.0,0.0,16.3,19.0,147.0,1.0000000000000003e-05,,,,
GOOGL,2026-04-10,call,305.0,0.0,0.0,13.55,38.0,189.0,0.000986552734375,,,,
GOOGL,2026-04-10,call,310.0,0.0,0.0,10.83,134.0,347.0,0.015634843750000002,,,,
GOOGL,2026-04-10,call,315.0,0.0,0.0,8.15,86.0,445.0,0.0312596875,,,,
GOOGL,2026-04-10,call,320.0,0.0,0.0,6.22,107.0,1414.0,0.0312596875,,,,
GOOGL,2026-04-10,call,325.0,0.0,0.0,4.48,68.0,402.0,0.062509375,,,,
GOOGL,2026-04-10,call,330.0,0.0,0.0,3.15,111.0,531.0,0.062509375,,,,
GOOGL,2026-04-10,call,335.0,0.0,0.0,2.21,69.0,243.0,0.062509375,,,,
GOOGL,2026-04-10,call,340.0,0.0,0.0,1.52,148.0,872.0,0.062509375,,,,
GOOGL,2026-04-10,call,345.0,0.0,0.0,1.01,100.0,418.0,0.12500875,,,,
GOOGL,2026-04-10,call,350.0,0.0,0.0,0.7,154.0,272.0,0.12500875,,,,
GOOGL,2026-04-10,call,355.0,0.0,0.0,0.46,55.0,103.0,0.12500875,,,,
GOOGL,2026-04-10,call,360.0,0.0,0.0,0.32,6.0,127.0,0.12500875,,,,
GOOGL,2026-04-10,call,365.0,0.0,0.0,0.17,1.0,46.0,0.12500875,,,,
GOOGL,2026-04-10,call,370.0,0.0,0.0,0.15,6.0,13.0,0.12500875,,,,
GOOGL,2026-04-10,call,375.0,0.0,0.0,0.11,6.0,8.0,0.12500875,,,,
GOOGL,2026-04-10,call,380.0,0.0,0.0,0.13,6.0,12.0,0.12500875,,,,
GOOGL,2026-04-10,call,385.0,0.0,0.0,0.11,15.0,16.0,0.12500875,,,,
GOOGL,2026-04-10,call,390.0,0.0,0.0,0.09,3.0,5.0,0.12500875,,,,
GOOGL,2026-04-10,call,400.0,0.0,0.0,0.04,2.0,5.0,0.2500075,,,,
GOOGL,2026-04-10,put,120.0,0.0,0.0,0.48,,1.0,0.500005,,,,
GOOGL,2026-04-10,put,170.0,0.0,0.0,0.34,1.0,1.0,0.500005,,,,
GOOGL,2026-04-10,put,180.0,0.0,0.0,0.09,1.0,1.0,0.500005,,,,
GOOGL,2026-04-10,put,195.0,0.0,0.0,0.09,2.0,2.0,0.2500075,,,,
GOOGL,2026-04-10,put,200.0,0.0,0.0,0.05,7.0,19.0,0.2500075,,,,
GOOGL,2026-04-10,put,205.0,0.0,0.0,0.17,7.0,8.0,0.2500075,,,,
GOOGL,2026-04-10,put,210.0,0.0,0.0,0.11,2.0,39.0,0.2500075,,,,
GOOGL,2026-04-10,put,215.0,0.0,0.0,0.17,1.0,10.0,0.2500075,,,,
GOOGL,2026-04-10,put,220.0,0.0,0.0,0.21,1.0,15.0,0.2500075,,,,
GOOGL,2026-04-10,put,225.0,0.0,0.0,0.24,2.0,6.0,0.2500075,,,,
GOOGL,2026-04-10,put,230.0,0.0,0.0,0.27,4.0,39.0,0.2500075,,,,
GOOGL,2026-04-10,put,235.0,0.0,0.0,0.38,4.0,18.0,0.2500075,,,,
GOOGL,2026-04-10,put,240.0,0.0,0.0,0.44,8.0,154.0,0.12500875,,,,
GOOGL,2026-04-10,put,245.0,0.0,0.0,0.57,17.0,51.0,0.12500875,,,,
GOOGL,2026-04-10,put,250.0,0.0,0.0,0.71,2.0,129.0,0.12500875,,,,
GOOGL,2026-04-10,put,255.0,0.0,0.0,1.0,6.0,144.0,0.12500875,,,,
GOOGL,2026-04-10,put,260.0,0.0,0.0,1.08,15.0,203.0,0.12500875,,,,
GOOGL,2026-04-10,put,265.0,0.0,0.0,1.36,74.0,6125.0,0.12500875,,,,
GOOGL,2026-04-10,put,270.0,0.0,0.0,1.75,41.0,254.0,0.12500875,,,,
GOOGL,2026-04-10,put,275.0,0.0,0.0,2.33,49.0,1196.0,0.062509375,,,,
GOOGL,2026-04-10,put,280.0,0.0,0.0,3.01,40.0,432.0,0.062509375,,,,
GOOGL,2026-04-10,put,285.0,0.0,0.0,3.72,87.0,493.0,0.062509375,,,,
GOOGL,2026-04-10,put,290.0,0.0,0.0,4.8,52.0,212.0,0.0312596875,,,,
GOOGL,2026-04-10,put,295.0,0.0,0.0,5.9,36.0,153.0,0.0312596875,,,,
GOOGL,2026-04-10,put,300.0,0.0,0.0,7.4,28.0,402.0,0.015634843750000002,,,,
GOOGL,2026-04-10,put,305.0,0.0,0.0,9.4,389.0,140.0,1.0000000000000003e-05,,,,
GOOGL,2026-04-10,put,310.0,0.0,0.0,11.03,554.0,591.0,1.0000000000000003e-05,,,,
GOOGL,2026-04-10,put,315.0,0.0,0.0,14.2,6.0,188.0,1.0000000000000003e-05,,,,
GOOGL,2026-04-10,put,320.0,0.0,0.0,17.17,7.0,15.0,1.0000000000000003e-05,,,,
GOOGL,2026-04-10,put,325.0,0.0,0.0,20.2,4.0,106.0,1.0000000000000003e-05,,,,
GOOGL,2026-04-10,put,330.0,0.0,0.0,30.03,2.0,33.0,1.0000000000000003e-05,,,,
GOOGL,2026-04-10,put,335.0,0.0,0.0,37.95,4.0,12.0,1.0000000000000003e-05,,,,
GOOGL,2026-04-10,put,340.0,0.0,0.0,32.19,1.0,26.0,1.0000000000000003e-05,,,,
GOOGL,2026-04-10,put,345.0,0.0,0.0,46.92,1.0,1.0,1.0000000000000003e-05,,,,
GOOGL,2026-04-17,call,100.0,0.0,0.0,210.0,1.0,704.0,1.0000000000000003e-05,,,,
GOOGL,2026-04-17,call,105.0,0.0,0.0,203.13,11.0,2.0,1.0000000000000003e-05,,,,
GOOGL,2026-04-17,call,110.0,0.0,0.0,200.6,,0.0,1.0000000000000003e-05,,,,
GOOGL,2026-04-17,call,115.0,161.7,165.5,132.65,,1.0,1.0000000000000003e-05,,,,
GOOGL,2026-04-17,call,120.0,0.0,0.0,191.11,1.0,30.0,1.0000000000000003e-05,,,,
GOOGL,2026-04-17,call,125.0,180.9,184.55,210.8,3.0,7.0,1.818360283203125,,,,
GOOGL,2026-04-17,call,130.0,183.2,186.75,152.5,1.0,0.0,2.441410146484375,,,,
GOOGL,2026-04-17,call,135.0,0.0,0.0,164.47,17.0,11.0,1.0000000000000003e-05,,,,
GOOGL,2026-04-17,call,140.0,0.0,0.0,166.2,1.0,83.0,1.0000000000000003e-05,,,,
GOOGL,2026-04-17,call,145.0,0.0,0.0,162.89,20.0,21.0,1.0000000000000003e-05,,,,
GOOGL,2026-04-17,call,150.0,0.0,0.0,159.4,1.0,21.0,1.0000000000000003e-05,,,,
GOOGL,2026-04-17,call,155.0,0.0,0.0,146.85,4.0,11.0,1.0000000000000003e-05,,,,
GOOGL,2026-04-17,call,160.0,0.0,0.0,140.5,1.0,38.0,1.0000000000000003e-05,,,,
GOOGL,2026-04-17,call,165.0,0.0,0.0,135.72,1.0,873.0,1.0000000000000003e-05,,,,
GOOGL,2026-04-17,call,170.0,0.0,0.0,137.64,1.0,37.0,1.0000000000000003e-05,,,,
GOOGL,2026-04-17,call,175.0,0.0,0.0,124.08,1.0,35.0,1.0000000000000003e-05,,,,
GOOGL,2026-04-17,call,180.0,0.0,0.0,129.56,4.0,240.0,1.0000000000000003e-05,,,,
GOOGL,2026-04-17,call,185.0,0.0,0.0,112.44,1.0,41.0,1.0000000000000003e-05,,,,
GOOGL,2026-04-17,call,190.0,0.0,0.0,109.28,6.0,130.0,1.0000000000000003e-05,,,,
GOOGL,2026-04-17,call,195.0,0.0,0.0,106.34,1.0,133.0,1.0000000000000003e-05,,,,
GOOGL,2026-04-17,call,200.0,0.0,0.0,110.11,3.0,377.0,1.0000000000000003e-05,,,,
GOOGL,2026-04-17,call,205.0,0.0,0.0,95.66,1.0,95.0,1.0000000000000003e-05,,,,
GOOGL,2026-04-17,call,210.0,0.0,0.0,91.46,3.0,200.0,1.0000000000000003e-05,,,,
GOOGL,2026-04-17,call,215.0,0.0,0.0,82.22,1.0,313.0,1.0000000000000003e-05,,,,
GOOGL,2026-04-17,call,220.0,0.0,0.0,90.0,1.0,411.0,1.0000000000000003e-05,,,,
GOOGL,2026-04-17,call,225.0,0.0,0.0,75.79,2.0,120.0,1.0000000000000003e-05,,,,
GOOGL,2026-04-17,call,230.0,0.0,0.0,79.79,1.0,273.0,1.0000000000000003e-05,,,,
GOOGL,2026-04-17,call,235.0,0.0,0.0,75.9,8.0,507.0,1.0000000000000003e-05,,,,
GOOGL,2026-04-17,call,240.0,0.0,0.0,70.0,2.0,570.0,1.0000000000000003e-05,,,,
GOOGL,2026-04-17,call,245.0,0.0,0.0,64.39,2.0,366.0,1.0000000000000003e-05,,,,
GOOGL,2026-04-17,call,250.0,0.0,0.0,61.32,9.0,848.0,1.0000000000000003e-05,,,,
GOOGL,2026-04-17,call,255.0,0.0,0.0,55.51,2.0,480.0,1.0000000000000003e-05,,,,
GOOGL,2026-04-17,call,260.0,0.0,0.0,51.79,2.0,696.0,1.0000000000000003e-05,,,,
GOOGL,2026-04-17,call,265.0,0.0,0.0,48.89,1.0,462.0,1.0000000000000003e-05,,,,
GOOGL,2026-04-17,call,270.0,0.0,0.0,42.07,2.0,871.0,1.0000000000000003e-05,,,,
GOOGL,2026-04-17,call,275.0,0.0,0.0,36.65,7.0,469.0,1.0000000000000003e-05,,,,
GOOGL,2026-04-17,call,280.0,0.0,0.0,33.9,3.0,793.0,1.0000000000000003e-05,,,,
GOOGL,2026-04-17,call,285.0,0.0,0.0,29.5,8.0,1453.0,1.0000000000000003e-05,,,,
GOOGL,2026-04-17,call,290.0,0.0,0.0,24.98,41.0,1281.0,1.0000000000000003e-05,,,,
GOOGL,2026-04-17,call,295.0,0.0,0.0,21.68,19.0,1182.0,1.0000000000000003e-05,,,,
GOOGL,2026-04-17,call,300.0,0.0,0.0,18.4,386.0,4021.0,1.0000000000000003e-05,,,,
GOOGL,2026-04-17,call,305.0,0.0,0.0,15.2,261.0,3155.0,0.000986552734375,,,,
GOOGL,2026-04-17,call,310.0,0.0,0.0,12.28,1497.0,5277.0,0.015634843750000002,,,,
GOOGL,2026-04-17,call,315.0,0.0,0.0,9.8,555.0,3165.0,0.0312596875,,,,
GOOGL,2026-04-17,call,320.0,0.0,0.0,7.55,1093.0,6676.0,0.0312596875,,,,
GOOGL,2026-04-17,call,325.0,0.0,0.0,5.75,392.0,3441.0,0.0312596875,,,,
GOOGL,2026-04-17,call,330.0,0.0,0.0,4.35,658.0,11410.0,0.062509375,,,,
GOOGL,2026-04-17,call,335.0,0.0,0.0,3.15,420.0,3688.0,0.062509375,,,,
GOOGL,2026-04-17,call,340.0,0.0,0.0,2.29,648.0,7475.0,0.062509375,,,,
GOOGL,2026-04-17,call,345.0,0.0,0.0,1.58,945.0,56023.0,0.062509375,,,,
GOOGL,2026-04-17,call,350.0,0.0,0.0,1.15,597.0,9485.0,0.12500875,,,,
GOOGL,2026-04-17,call,355.0,0.0,0.0,0.8,207.0,1855.0,0.12500875,,,,
GOOGL,2026-04-17,call,360.0,0.0,0.0,0.56,116.0,3968.0,0.12500875,,,,
GOOGL,2026-04-17,call,365.0,0.0,0.0,0.39,41.0,1760.0,0.12500875,,,,
GOOGL,2026-04-17,call,370.0,0.0,0.0,0.3,40.0,2153.0,0.12500875,,,,
GOOGL,2026-04-17,call,375.0,0.0,0.0,0.21,58.0,4220.0,0.12500875,,,,
GOOGL,2026-04-17,call,380.0,0.0,0.0,0.17,142.0,2286.0,0.12500875,,,,
GOOGL,2026-04-17,call,385.0,0.0,0.0,0.14,10.0,2444.0,0.12500875,,,,
GOOGL,2026-04-17,call,390.0,0.0,0.0,0.11,552.0,2721.0,0.12500875,,,,
GOOGL,2026-04-17,call,395.0,0.0,0.0,0.13,1.0,894.0,0.12500875,,,,
GOOGL,2026-04-17,call,400.0,0.0,0.0,0.08,119.0,4487.0,0.12500875,,,,
GOOGL,2026-04-17,call,405.0,0.0,0.0,0.06,1.0,785.0,0.12500875,,,,
GOOGL,2026-04-17,call,410.0,0.0,0.0,0.05,2.0,1630.0,0.2500075,,,,
GOOGL,2026-04-17,call,415.0,0.0,0.0,0.05,3.0,1142.0,0.2500075,,,,
GOOGL,2026-04-17,call,420.0,0.0,0.0,0.05,1.0,1423.0,0.2500075,,,,
GOOGL,2026-04-17,call,425.0,0.0,0.0,0.02,221.0,1274.0,0.2500075,,,,
GOOGL,2026-04-17,call,430.0,0.0,0.0,0.03,371.0,2325.0,0.2500075,,,,
GOOGL,2026-04-17,call,435.0,0.0,0.0,0.03,8.0,1782.0,0.2500075,,,,
GOOGL,2026-04-17,call,440.0,0.0,0.0,0.05,2.0,2585.0,0.2500075,,,,
GOOGL,2026-04-17,call,445.0,0.0,0.0,0.04,72.0,1095.0,0.2500075,,,,
GOOGL,2026-04-17,call,450.0,0.0,0.0,0.02,1.0,1826.0,0.2500075,,,,
GOOGL,2026-04-17,call,455.0,0.0,0.0,0.06,28.0,429.0,0.2500075,,,,
GOOGL,2026-04-17,call,460.0,0.0,0.0,0.06,294.0,3614.0,0.2500075,,,,
GOOGL,2026-04-17,call,465.0,0.0,0.0,0.04,1.0,8.0,0.2500075,,,,
GOOGL,2026-04-17,call,470.0,0.0,0.0,0.11,303.0,3463.0,0.2500075,,,,
GOOGL,2026-04-17,call,480.0,0.0,0.0,0.08,13.0,734.0,0.2500075,,,,
GOOGL,2026-04-17,call,490.0,0.0,0.0,0.05,1.0,568.0,0.2500075,,,,
GOOGL,2026-04-17,call,500.0,0.0,0.0,0.02,2.0,8514.0,0.2500075,,,,
GOOGL,2026-04-17,call,510.0,0.0,0.0,0.07,20.0,70.0,0.2500075,,,,
GOOGL,2026-04-17,call,520.0,0.0,0.0,0.04,1.0,106.0,0.2500075,,,,
GOOGL,2026-04-17,call,530.0,0.0,0.0,0.04,4.0,20.0,0.2500075,,,,
GOOGL,2026-04-17,call,540.0,0.0,0.0,0.06,3.0,749.0,0.2500075,,,,
GOOGL,2026-04-17,call,550.0,0.0,0.0,0.05,10.0,27.0,0.2500075,,,,
GOOGL,2026-04-17,call,560.0,0.0,0.0,0.03,28.0,68.0,0.2500075,,,,
GOOGL,2026-04-17,call,570.0,0.0,0.0,0.04,12.0,598.0,0.500005,,,,
GOOGL,2026-04-17,call,580.0,0.0,0.0,0.03,45.0,80.0,0.500005,,,,
GOOGL,2026-04-17,call,590.0,0.0,0.0,0.15,1.0,390.0,0.500005,,,,
GOOGL,2026-04-17,call,600.0,0.0,0.0,0.02,4.0,1327.0,0.500005,,,,
GOOGL,2026-04-17,put,100.0,0.0,0.78,0.03,810.0,987.0,1.57422087890625,,,,
GOOGL,2026-04-17,put,105.0,0.0,0.58,0.03,538.0,538.0,1.451174619140625,,,,
GOOGL,2026-04-17,put,110.0,0.0,2.13,0.04,1848.0,1828.0,1.6870132836914062,,,,
GOOGL,2026-04-17,put,115.0,0.0,0.0,0.01,1.0,1132.0,0.500005,,,,
GOOGL,2026-04-17,put,120.0,0.0,0.2,0.05,3.0,266.0,1.126957490234375,,,,
GOOGL,2026-04-17,put,125.0,0.0,0.07,0.12,1.0,0.0,0.9726565234375,,,,
GOOGL,2026-04-17,put,130.0,0.0,0.0,0.01,5.0,397.0,0.500005,,,,
GOOGL,2026-04-17,put,135.0,0.0,0.2,0.1,4.0,27.0,0.992187578125,,,,
GOOGL,2026-04-17,put,140.0,0.0,0.0,0.22,9.0,61.0,0.500005,,,,
GOOGL,2026-04-17,put,145.0,0.0,0.0,0.05,102.0,193.0,0.500005,,,,
GOOGL,2026-04-17,put,150.0,0.0,0.0,0.02,5.0,141.0,0.500005,,,,
GOOGL,2026-04-17,put,155.0,0.0,0.0,0.05,50.0,242.0,0.500005,,,,
GOOGL,2026-04-17,put,160.0,0.0,0.0,0.02,2.0,1333.0,0.500005,,,,
GOOGL,2026-04-17,put,165.0,0.0,0.0,0.1,3.0,259.0,0.500005,,,,
GOOGL,2026-04-17,put,170.0,0.0,0.0,0.06,59.0,651.0,0.2500075,,,,
GOOGL,2026-04-17,put,175.0,0.0,0.0,0.09,2.0,97.0,0.2500075,,,,
GOOGL,2026-04-17,put,180.0,0.0,0.0,0.05,7.0,2055.0,0.2500075,,,,
GOOGL,2026-04-17,put,185.0,0.0,0.0,0.06,100.0,1140.0,0.2500075,,,,
GOOGL,2026-04-17,put,190.0,0.0,0.0,0.07,23.0,983.0,0.2500075,,,,
GOOGL,2026-04-17,put,195.0,0.0,0.0,0.09,1.0,2046.0,0.2500075,,,,
GOOGL,2026-04-17,put,200.0,0.0,0.0,0.13,165.0,3827.0,0.2500075,,,,
GOOGL,2026-04-17,put,205.0,0.0,0.0,0.14,1.0,1646.0,0.2500075,,,,
GOOGL,2026-04-17,put,210.0,0.0,0.0,0.17,1.0,2662.0,0.2500075,,,,
GOOGL,2026-04-17,put,215.0,0.0,0.0,0.23,25.0,1355.0,0.2500075,,,,
GOOGL,2026-04-17,put,220.0,0.0,0.0,0.3,68.0,1730.0,0.2500075,,,,
GOOGL,2026-04-17,put,225.0,0.0,0.0,0.39,23.0,1233.0,0.2500075,,,,
GOOGL,2026-04-17,put,230.0,0.0,0.0,0.47,5.0,1851.0,0.12500875,,,,
GOOGL,2026-04-17,put,235.0,0.0,0.0,0.56,3.0,1245.0,0.12500875,,,,
GOOGL,2026-04-17,put,240.0,0.0,0.0,0.68,56.0,2141.0,0.12500875,,,,
GOOGL,2026-04-17,put,245.0,0.0,0.0,0.86,283.0,5162.0,0.12500875,,,,
GOOGL,2026-04-17,put,250.0,0.0,0.0,0.97,68.0,14291.0,0.12500875,,,,
GOOGL,2026-04-17,put,255.0,0.0,0.0,1.23,926.0,8683.0,0.12500875,,,,
GOOGL,2026-04-17,put,260.0,0.0,0.0,1.5,269.0,5254.0,0.12500875,,,,
GOOGL,2026-04-17,put,265.0,0.0,0.0,1.86,100.0,4286.0,0.12500875,,,,
GOOGL,2026-04-17,put,270.0,0.0,0.0,2.34,194.0,3953.0,0.062509375,,,,
GOOGL,2026-04-17,put,275.0,0.0,0.0,2.94,653.0,3172.0,0.062509375,,,,
GOOGL,2026-04-17,put,280.0,0.0,0.0,3.55,1853.0,8814.0,0.062509375,,,,
GOOGL,2026-04-17,put,285.0,0.0,0.0,4.4,1690.0,7065.0,0.062509375,,,,
GOOGL,2026-04-17,put,290.0,0.0,0.0,5.5,1414.0,3858.0,0.0312596875,,,,
GOOGL,2026-04-17,put,295.0,0.0,0.0,6.88,467.0,3441.0,0.0312596875,,,,
GOOGL,2026-04-17,put,300.0,0.0,0.0,8.38,267.0,6596.0,0.015634843750000002,,,,
GOOGL,2026-04-17,put,305.0,0.0,0.0,10.55,336.0,3201.0,1.0000000000000003e-05,,,,
GOOGL,2026-04-17,put,310.0,0.0,0.0,12.81,461.0,4047.0,1.0000000000000003e-05,,,,
GOOGL,2026-04-17,put,315.0,0.0,0.0,15.1,206.0,2801.0,1.0000000000000003e-05,,,,
GOOGL,2026-04-17,put,320.0,0.0,0.0,18.33,18.0,2606.0,1.0000000000000003e-05,,,,
GOOGL,2026-04-17,put,325.0,0.0,0.0,20.84,16.0,1514.0,1.0000000000000003e-05,,,,
GOOGL,2026-04-17,put,330.0,0.0,0.0,25.18,51.0,2190.0,1.0000000000000003e-05,,,,
GOOGL,2026-04-17,put,335.0,0.0,0.0,28.94,5.0,687.0,1.0000000000000003e-05,,,,
GOOGL,2026-04-17,put,340.0,0.0,0.0,33.35,17.0,393.0,1.0000000000000003e-05,,,,
GOOGL,2026-04-17,put,345.0,0.0,0.0,36.95,108.0,571.0,1.0000000000000003e-05,,,,
GOOGL,2026-04-17,put,350.0,0.0,0.0,39.6,3.0,392.0,1.0000000000000003e-05,,,,
GOOGL,2026-04-17,put,355.0,0.0,0.0,54.58,260.0,319.0,1.0000000000000003e-05,,,,
GOOGL,2026-04-17,put,360.0,0.0,0.0,56.07,2.0,271.0,1.0000000000000003e-05,,,,
GOOGL,2026-04-17,put,365.0,0.0,0.0,62.84,7.0,22.0,1.0000000000000003e-05,,,,
GOOGL,2026-04-17,put,370.0,0.0,0.0,61.65,2.0,2.0,1.0000000000000003e-05,,,,
GOOGL,2026-04-17,put,375.0,0.0,0.0,69.95,1.0,0.0,1.0000000000000003e-05,,,,
GOOGL,2026-04-17,put,380.0,0.0,0.0,71.54,1.0,1.0,1.0000000000000003e-05,,,,
GOOGL,2026-04-17,put,385.0,0.0,0.0,62.75,1.0,0.0,1.0000000000000003e-05,,,,
GOOGL,2026-04-17,put,390.0,0.0,0.0,72.55,1.0,0.0,1.0000000000000003e-05,,,,
GOOGL,2026-04-17,put,395.0,0.0,0.0,65.9,26.0,0.0,1.0000000000000003e-05,,,,
GOOGL,2026-04-17,put,400.0,0.0,0.0,83.0,3.0,0.0,1.0000000000000003e-05,,,,
GOOGL,2026-04-17,put,410.0,0.0,0.0,92.3,2.0,0.0,1.0000000000000003e-05,,,,
GOOGL,2026-04-17,put,420.0,0.0,0.0,93.1,98.0,0.0,1.0000000000000003e-05,,,,
GOOGL,2026-04-17,put,430.0,0.0,0.0,98.45,1.0,0.0,1.0000000000000003e-05,,,,
GOOGL,2026-04-17,put,435.0,0.0,0.0,106.75,,0.0,1.0000000000000003e-05,,,,
GOOGL,2026-04-17,put,440.0,0.0,0.0,108.31,1670.0,0.0,1.0000000000000003e-05,,,,
GOOGL,2026-04-17,put,500.0,184.6,187.9,183.95,4.0,0.0,1.0000000000000003e-05,,,,
GOOGL,2026-04-24,call,215.0,0.0,0.0,88.12,1.0,3.0,1.0000000000000003e-05,,,,
GOOGL,2026-04-24,call,230.0,0.0,0.0,71.87,1.0,1.0,1.0000000000000003e-05,,,,
GOOGL,2026-04-24,call,240.0,0.0,0.0,63.06,5.0,5.0,1.0000000000000003e-05,,,,
GOOGL,2026-04-24,call,250.0,0.0,0.0,49.3,1.0,2.0,1.0000000000000003e-05,,,,
GOOGL,2026-04-24,call,255.0,,58.9,51.02,,,0.6992217578125001,,,,
GOOGL,2026-04-24,call,270.0,41.5,,37.58,,,0.4854787780761719,,,,
GOOGL,2026-04-24,call,280.0,0.0,0.0,35.56,1.0,22.0,1.0000000000000003e-05,,,,
GOOGL,2026-04-24,call,290.0,0.0,0.0,23.39,59.0,15.0,1.0000000000000003e-05,,,,
GOOGL,2026-04-24,call,295.0,0.0,0.0,23.0,7.0,207.0,1.0000000000000003e-05,,,,
GOOGL,2026-04-24,call,300.0,0.0,0.0,19.39,14.0,250.0,1.0000000000000003e-05,,,,
GOOGL,2026-04-24,call,305.0,0.0,0.0,16.68,29.0,99.0,0.0004982763671875,,,,
GOOGL,2026-04-24,call,310.0,0.0,0.0,13.5,114.0,312.0,0.015634843750000002,,,,
GOOGL,2026-04-24,call,315.0,0.0,0.0,11.35,20.0,47.0,0.015634843750000002,,,,
GOOGL,2026-04-24,call,320.0,0.0,0.0,9.21,51.0,88.0,0.0312596875,,,,
GOOGL,2026-04-24,call,325.0,0.0,0.0,6.85,15.0,60.0,0.0312596875,,,,
GOOGL,2026-04-24,call,330.0,0.0,0.0,5.5,49.0,213.0,0.062509375,,,,
GOOGL,2026-04-24,call,335.0,0.0,0.0,4.23,84.0,117.0,0.062509375,,,,
GOOGL,2026-04-24,call,340.0,,4.0,3.4,,,0.35217932983398437,,,,
GOOGL,2026-04-24,call,345.0,0.0,0.0,2.5,11.0,19.0,0.062509375,,,,
GOOGL,2026-04-24,call,350.0,0.0,0.0,1.88,28.0,79.0,0.062509375,,,,
GOOGL,2026-04-24,call,355.0,0.89,1.98,1.43,5.0,,0.34888346435546874,,,,
GOOGL,2026-04-24,call,365.0,0.0,0.0,0.69,1.0,2.0,0.12500875,,,,
GOOGL,2026-04-24,call,375.0,0.0,0.0,0.59,1.0,2.0,0.12500875,,,,
GOOGL,2026-04-24,call,405.0,,2.25,0.2,,,0.5643354113769532,,,,
GOOGL,2026-04-24,call,410.0,,1.29,1.11,4.0,,0.5159960510253907,,,,
GOOGL,2026-04-24,put,215.0,0.0,0.0,0.75,1.0,1.0,0.2500075,,,,
GOOGL,2026-04-24,put,225.0,0.0,0.0,1.22,2.0,2.0,0.12500875,,,,
GOOGL,2026-04-24,put,235.0,0.0,0.0,1.0,10.0,10.0,0.12500875,,,,
GOOGL,2026-04-24,put,240.0,0.0,0.0,1.06,2.0,3.0,0.12500875,,,,
GOOGL,2026-04-24,put,245.0,0.0,0.0,1.58,1.0,7.0,0.12500875,,,,
GOOGL,2026-04-24,put,250.0,0.0,0.0,1.5,3.0,16.0,0.12500875,,,,
GOOGL,2026-04-24,put,255.0,0.0,0.0,1.66,12.0,15.0,0.12500875,,,,
GOOGL,2026-04-24,put,260.0,0.0,0.0,2.29,4.0,9.0,0.12500875,,,,
GOOGL,2026-04-24,put,265.0,0.0,0.0,2.53,3.0,30.0,0.062509375,,,,
GOOGL,2026-04-24,put,270.0,0.0,0.0,3.25,4.0,13.0,0.062509375,,,,
GOOGL,2026-04-24,put,275.0,0.0,0.0,4.0,10.0,61.0,0.062509375,,,,
GOOGL,2026-04-24,put,280.0,0.0,0.0,5.0,18.0,72.0,0.062509375,,,,
GOOGL,2026-04-24,put,285.0,0.0,0.0,6.0,11.0,43.0,0.0312596875,,,,
GOOGL,2026-04-24,put,290.0,0.0,0.0,7.13,60.0,71.0,0.0312596875,,,,
GOOGL,2026-04-24,put,295.0,0.0,0.0,8.52,35.0,72.0,0.015634843750000002,,,,
GOOGL,2026-04-24,put,300.0,0.0,0.0,9.77,9.0,41.0,0.015634843750000002,,,,
GOOGL,2026-04-24,put,305.0,10.5,13.7,12.0,,,0.32257757507324214,,,,
GOOGL,2026-04-24,put,310.0,0.0,0.0,13.79,20.0,75.0,1.0000000000000003e-05,,,,
GOOGL,2026-04-24,put,315.0,0.0,0.0,16.2,6.0,10.0,1.0000000000000003e-05,,,,
GOOGL,2026-04-24,put,320.0,0.0,0.0,20.0,8.0,20.0,1.0000000000000003e-05,,,,
GOOGL,2026-04-24,put,325.0,0.0,0.0,21.96,5.0,37.0,1.0000000000000003e-05,,,,
GOOGL,2026-04-24,put,330.0,0.0,0.0,24.25,40.0,92.0,1.0000000000000003e-05,,,,
GOOGL,2026-04-24,put,335.0,0.0,0.0,29.75,1.0,51.0,1.0000000000000003e-05,,,,
GOOGL,2026-04-24,put,345.0,36.15,39.55,40.1,,,1.0000000000000003e-05,,,,
